date,ticker,close
2026-08-24,AAOI,107.62999725341795
2026-08-24,AAON,76.00241088867188
2026-08-24,ACAD,29.64999961853028
2026-08-24,ACHC,28.71999931335449
2026-08-24,AEP,121.9800033569336
2026-08-24,AGX,468.9800109863281
2026-08-24,ALAB,277.5299987792969
2026-08-24,ALG,165.24000549316406
2026-08-24,ALRM,57.58000183105469
2026-08-24,AMD,456.75
2026-08-24,AMZN,262.07000732421875
2026-08-24,APLD,26.88999938964844
2026-08-24,APPF,225.1000061035156
2026-08-24,AVGO,358.10791015625
2026-08-24,AYI,336.5899963378906
2026-08-24,AZZ,140.75999450683594
2026-08-24,BOOT,161.80999755859375
2026-08-24,BRZE,31.440000534057617
2026-08-24,BWXT,149.52000427246094
2026-08-24,CCJ,102.2699966430664
2026-08-24,CEG,273.42999267578125
2026-08-24,CIEN,371.9500122070313
2026-08-24,CLS,294.57000732421875
2026-08-24,COHR,275.489990234375
2026-08-24,CORZ,17.270000457763672
2026-08-24,CRDO,222.6100006103516
2026-08-24,CRWV,86.25
2026-08-24,CW,614.969970703125
2026-08-24,D,65.94380187988281
2026-08-24,DLR,187.2659149169922
2026-08-24,DNN,3.539999961853028
2026-08-24,ESE,275.6199951171875
2026-08-24,ESNT,68.12218475341797
2026-08-24,ETR,105.79000091552734
2026-08-24,FLR,51.27999877929688
2026-08-24,FN,421.1400146484375
2026-08-24,FSS,119.77999877929688
2026-08-24,GBX,46.08000183105469
2026-08-24,GEV,942.0999755859376
2026-08-24,GFF,101.1546630859375
2026-08-24,GOOGL,347.83642578125
2026-08-24,HUBB,465.3180847167969
2026-08-24,IESC,324.1199951171875
2026-08-24,IREN,39.810001373291016
2026-08-24,IWM,297.1937866210937
2026-08-24,JEF,51.90999984741211
2026-08-24,KBH,55.63999938964844
2026-08-24,KVYO,18.200000762939453
2026-08-24,LEU,177.13999938964844
2026-08-24,LITE,830.1699829101562
2026-08-24,LNTH,100.8000030517578
2026-08-24,MDY,692.7860717773438
2026-08-24,META,558.5792236328125
2026-08-24,MIR,14.68000030517578
2026-08-24,MOD,188.3699951171875
2026-08-24,MPWR,1285.030029296875
2026-08-24,MSFT,487.30999755859375
2026-08-24,MTN,150.0
2026-08-24,MTZ,255.3600006103516
2026-08-24,MYRG,305.2699890136719
2026-08-24,NBIS,210.9100036621093
2026-08-24,NNE,18.270000457763672
2026-08-24,NRG,111.77999877929688
2026-08-24,NVDA,208.2469787597656
2026-08-24,NVT,153.35000610351562
2026-08-24,NXE,10.93000030517578
2026-08-24,OKLO,39.68999862670898
2026-08-24,OLLI,76.3499984741211
2026-08-24,OMCL,34.65999984741211
2026-08-24,ONTO,282.9100036621094
2026-08-24,ORCL,142.4499969482422
2026-08-24,PCOR,62.09000015258789
2026-08-24,PEG,72.86640167236328
2026-08-24,PIPR,74.59957122802734
2026-08-24,PLNT,53.86000061035156
2026-08-24,PNW,97.70999908447266
2026-08-24,POWL,188.97999572753903
2026-08-24,PRCT,21.25
2026-08-24,PRIM,75.13999938964844
2026-08-24,PWR,616.780029296875
2026-08-24,RLI,66.43354034423828
2026-08-24,SHAK,75.44000244140625
2026-08-24,SKWD,57.91999816894531
2026-08-24,SMCI,35.16999816894531
2026-08-24,SMR,9.050000190734863
2026-08-24,SNX,243.6499938964844
2026-08-24,SO,90.0999984741211
2026-08-24,SPY,761.5787963867188
2026-08-24,THO,79.41999816894531
2026-08-24,TLN,305.5350036621094
2026-08-24,TRN,29.690000534057617
2026-08-24,TSM,409.022705078125
2026-08-24,UEC,12.510000228881836
2026-08-24,URG,1.4299999475479126
2026-08-24,UUUU,14.880000114440918
2026-08-24,VIRT,66.04762268066406
2026-08-24,VRT,254.9075164794922
2026-08-24,VST,135.43820190429688
2026-08-24,WING,116.83999633789062
2026-08-24,WULF,15.479999542236328
2026-08-24,XLU,42.9045295715332
2026-08-25,AAOI,113.1500015258789
2026-08-25,AAON,76.09230041503906
2026-08-25,ACAD,30.56999969482422
2026-08-25,ACHC,29.8700008392334
2026-08-25,AEP,122.7699966430664
2026-08-25,AGX,450.4599914550781
2026-08-25,ALAB,282.6499938964844
2026-08-25,ALG,162.0800018310547
2026-08-25,ALRM,56.7599983215332
2026-08-25,AMD,479.1799926757813
2026-08-25,AMZN,261.0599975585937
2026-08-25,APLD,28.850000381469727
2026-08-25,APPF,223.0500030517578
2026-08-25,AVGO,356.091552734375
2026-08-25,AYI,339.95001220703125
2026-08-25,AZZ,138.50999450683594
2026-08-25,BOOT,159.69000244140625
2026-08-25,BRZE,30.799999237060547
2026-08-25,BWXT,149.72999572753906
2026-08-25,CCJ,106.95999908447266
2026-08-25,CEG,278.4200134277344
2026-08-25,CIEN,387.6600036621094
2026-08-25,CLS,306.8599853515625
2026-08-25,COHR,288.1400146484375
2026-08-25,CORZ,18.030000686645508
2026-08-25,CRDO,226.509994506836
2026-08-25,CRWV,88.04000091552734
2026-08-25,CW,609.7100219726562
2026-08-25,D,66.26060485839844
2026-08-25,DLR,191.01025390625
2026-08-25,DNN,3.7200000286102295
2026-08-25,ESE,276.82000732421875
2026-08-25,ESNT,68.64949035644531
2026-08-25,ETR,106.23999786376952
2026-08-25,FLR,51.2599983215332
2026-08-25,FN,431.5400085449219
2026-08-25,FSS,120.6500015258789
2026-08-25,GBX,46.15999984741211
2026-08-25,GEV,926.72998046875
2026-08-25,GFF,101.1546630859375
2026-08-25,GOOGL,346.73712158203125
2026-08-25,HUBB,462.7560119628906
2026-08-25,IESC,313.2300109863281
2026-08-25,IREN,42.209999084472656
2026-08-25,IWM,298.4505310058594
2026-08-25,JEF,52.45000076293945
2026-08-25,KBH,57.11000061035156
2026-08-25,KVYO,17.600000381469727
2026-08-25,LEU,193.38999938964844
2026-08-25,LITE,885.5650024414062
2026-08-25,LNTH,100.87000274658205
2026-08-25,MDY,692.337158203125
2026-08-25,META,569.6004638671875
2026-08-25,MIR,14.710000038146973
2026-08-25,MOD,188.009994506836
2026-08-25,MPWR,1304.1500244140625
2026-08-25,MSFT,491.7099914550781
2026-08-25,MTN,147.83999633789062
2026-08-25,MTZ,246.8500061035156
2026-08-25,MYRG,296.1400146484375
2026-08-25,NBIS,221.97000122070312
2026-08-25,NNE,19.239999771118164
2026-08-25,NRG,113.61000061035156
2026-08-25,NVDA,212.81187438964844
2026-08-25,NVT,151.47999572753906
2026-08-25,NXE,11.210000038146973
2026-08-25,OKLO,44.27000045776367
2026-08-25,OLLI,74.61000061035156
2026-08-25,OMCL,33.220001220703125
2026-08-25,ONTO,291.6199951171875
2026-08-25,ORCL,144.75999450683594
2026-08-25,PCOR,60.61000061035156
2026-08-25,PEG,72.61865997314453
2026-08-25,PIPR,74.53972625732422
2026-08-25,PLNT,52.540000915527344
2026-08-25,PNW,97.66999816894533
2026-08-25,POWL,190.19000244140625
2026-08-25,PRCT,21.600000381469727
2026-08-25,PRIM,74.80000305175781
2026-08-25,PWR,603.780029296875
2026-08-25,RLI,64.71835327148438
2026-08-25,SHAK,74.06999969482422
2026-08-25,SKWD,57.400001525878906
2026-08-25,SMCI,38.459999084472656
2026-08-25,SMR,9.8100004196167
2026-08-25,SNX,251.38999938964844
2026-08-25,SO,89.97000122070312
2026-08-25,SPY,764.0127563476562
2026-08-25,THO,79.4800033569336
2026-08-25,TLN,307.6700134277344
2026-08-25,TRN,29.59000015258789
2026-08-25,TSM,416.293212890625
2026-08-25,UEC,13.270000457763672
2026-08-25,URG,1.4800000190734863
2026-08-25,UUUU,15.970000267028809
2026-08-25,VIRT,64.96160125732422
2026-08-25,VRT,255.68731689453125
2026-08-25,VST,138.8026885986328
2026-08-25,WING,113.8499984741211
2026-08-25,WULF,16.31999969482422
2026-08-25,XLU,42.99386978149414
2026-08-26,AAOI,113.76000213623048
2026-08-26,AAON,79.67768859863281
2026-08-26,ACAD,29.57999992370605
2026-08-26,ACHC,30.57999992370605
2026-08-26,AEP,123.36000061035156
2026-08-26,AGX,455.1499938964844
2026-08-26,ALAB,290.29998779296875
2026-08-26,ALG,164.7899932861328
2026-08-26,ALRM,56.709999084472656
2026-08-26,AMD,480.9299926757813
2026-08-26,AMZN,260.2799987792969
2026-08-26,APLD,26.8700008392334
2026-08-26,APPF,223.17999267578125
2026-08-26,AVGO,354.94366455078125
2026-08-26,AYI,341.3500061035156
2026-08-26,AZZ,140.7100067138672
2026-08-26,BOOT,159.72000122070312
2026-08-26,BRZE,30.809999465942383
2026-08-26,BWXT,153.16000366210938
2026-08-26,CCJ,107.36000061035156
2026-08-26,CEG,279.5199890136719
2026-08-26,CIEN,404.0299987792969
2026-08-26,CLS,307.32000732421875
2026-08-26,COHR,294.3699951171875
2026-08-26,CORZ,17.420000076293945
2026-08-26,CRDO,226.4900054931641
2026-08-26,CRWV,88.01000213623047
2026-08-26,CW,619.4600219726562
2026-08-26,D,66.24080657958984
2026-08-26,DLR,192.1126708984375
2026-08-26,DNN,3.630000114440918
2026-08-26,ESE,283.2300109863281
2026-08-26,ESNT,69.23649597167969
2026-08-26,ETR,107.2300033569336
2026-08-26,FLR,52.02999877929688
2026-08-26,FN,437.7999877929688
2026-08-26,FSS,121.52999877929688
2026-08-26,GBX,46.2400016784668
2026-08-26,GEV,953.0900268554688
2026-08-26,GFF,100.59590911865234
2026-08-26,GOOGL,341.7803039550781
2026-08-26,HUBB,471.0004577636719
2026-08-26,IESC,331.4800109863281
2026-08-26,IREN,39.58000183105469
2026-08-26,IWM,298.1513061523437
2026-08-26,JEF,53.130001068115234
2026-08-26,KBH,56.08000183105469
2026-08-26,KVYO,17.790000915527344
2026-08-26,LEU,187.6300048828125
2026-08-26,LITE,939.030029296875
2026-08-26,LNTH,100.81999969482422
2026-08-26,MDY,696.7266235351562
2026-08-26,META,575.6856689453125
2026-08-26,MIR,14.899999618530272
2026-08-26,MOD,187.3000030517578
2026-08-26,MPWR,1303.8800048828125
2026-08-26,MSFT,496.3699951171875
2026-08-26,MTN,148.72000122070312
2026-08-26,MTZ,248.72999572753903
2026-08-26,MYRG,312.8299865722656
2026-08-26,NBIS,213.92999267578125
2026-08-26,NNE,18.5
2026-08-26,NRG,116.13999938964844
2026-08-26,NVDA,209.4256591796875
2026-08-26,NVT,155.22999572753906
2026-08-26,NXE,11.06999969482422
2026-08-26,OKLO,41.59999847412109
2026-08-26,OLLI,74.2699966430664
2026-08-26,OMCL,33.45000076293945
2026-08-26,ONTO,291.8800048828125
2026-08-26,ORCL,148.8699951171875
2026-08-26,PCOR,60.43000030517578
2026-08-26,PEG,73.36189270019531
2026-08-26,PIPR,74.24053955078125
2026-08-26,PLNT,53.290000915527344
2026-08-26,PNW,98.69000244140624
2026-08-26,POWL,191.75
2026-08-26,PRCT,21.06999969482422
2026-08-26,PRIM,78.18000030517578
2026-08-26,PWR,616.72998046875
2026-08-26,RLI,64.678466796875
2026-08-26,SHAK,72.94000244140625
2026-08-26,SKWD,58.040000915527344
2026-08-26,SMCI,37.38999938964844
2026-08-26,SMR,9.270000457763672
2026-08-26,SNX,255.1699981689453
2026-08-26,SO,89.76000213623047
2026-08-26,SPY,764.182373046875
2026-08-26,THO,77.8499984741211
2026-08-26,TLN,306.2900085449219
2026-08-26,TRN,29.51000022888184
2026-08-26,TSM,416.5724487304688
2026-08-26,UEC,13.130000114440918
2026-08-26,URG,1.5199999809265137
2026-08-26,UUUU,15.699999809265137
2026-08-26,VIRT,65.4996337890625
2026-08-26,VRT,263.7453308105469
2026-08-26,VST,139.80104064941406
2026-08-26,WING,112.23999786376952
2026-08-26,WULF,15.970000267028809
2026-08-26,XLU,43.19240951538086
2026-08-27,AAOI,113.27999877929688
2026-08-27,AAON,78.0497817993164
2026-08-27,ACAD,29.729999542236328
2026-08-27,ACHC,30.21999931335449
2026-08-27,AEP,122.70999908447266
2026-08-27,AGX,459.9599914550781
2026-08-27,ALAB,304.0899963378906
2026-08-27,ALG,164.1199951171875
2026-08-27,ALRM,57.59999847412109
2026-08-27,AMD,476.6700134277344
2026-08-27,AMZN,256.260009765625
2026-08-27,APLD,27.440000534057617
2026-08-27,APPF,232.05499267578125
2026-08-27,AVGO,370.86468505859375
2026-08-27,AYI,341.760009765625
2026-08-27,AZZ,139.74000549316406
2026-08-27,BOOT,155.6199951171875
2026-08-27,BRZE,34.09000015258789
2026-08-27,BWXT,155.85000610351562
2026-08-27,CCJ,106.33000183105467
2026-08-27,CEG,282.4100036621094
2026-08-27,CIEN,399.8500061035156
2026-08-27,CLS,317.3800048828125
2026-08-27,COHR,295.3900146484375
2026-08-27,CORZ,17.6200008392334
2026-08-27,CRDO,240.2400054931641
2026-08-27,CRWV,86.80000305175781
2026-08-27,CW,605.489990234375
2026-08-27,D,65.83489990234375
2026-08-27,DLR,190.791748046875
2026-08-27,DNN,3.670000076293945
2026-08-27,ESE,281.5400085449219
2026-08-27,ESNT,68.91812133789062
2026-08-27,ETR,106.48999786376952
2026-08-27,FLR,54.09999847412109
2026-08-27,FN,432.7099914550781
2026-08-27,FSS,120.37999725341795
2026-08-27,GBX,46.119998931884766
2026-08-27,GEV,953.8300170898438
2026-08-27,GFF,98.97950744628906
2026-08-27,GOOGL,340.4311828613281
2026-08-27,HUBB,468.8271789550781
2026-08-27,IESC,333.6700134277344
2026-08-27,IREN,40.52999877929688
2026-08-27,IWM,299.02899169921875
2026-08-27,JEF,52.84000015258789
2026-08-27,KBH,54.720001220703125
2026-08-27,KVYO,19.61000061035156
2026-08-27,LEU,194.77999877929688
2026-08-27,LITE,956.1400146484376
2026-08-27,LNTH,100.47000122070312
2026-08-27,MDY,696.9360961914062
2026-08-27,META,570.6495971679688
2026-08-27,MIR,14.850000381469728
2026-08-27,MOD,186.3099975585937
2026-08-27,MPWR,1311.0799560546875
2026-08-27,MSFT,505.05999755859375
2026-08-27,MTN,144.61000061035156
2026-08-27,MTZ,251.1300048828125
2026-08-27,MYRG,309.3900146484375
2026-08-27,NBIS,218.47999572753903
2026-08-27,NNE,19.239999771118164
2026-08-27,NRG,114.41000366210938
2026-08-27,NVDA,227.7251739501953
2026-08-27,NVT,155.5500030517578
2026-08-27,NXE,11.1899995803833
2026-08-27,OKLO,42.52999877929688
2026-08-27,OLLI,71.51000213623047
2026-08-27,OMCL,33.40999984741211
2026-08-27,ONTO,292.6199951171875
2026-08-27,ORCL,151.94000244140625
2026-08-27,PCOR,63.70000076293945
2026-08-27,PEG,72.668212890625
2026-08-27,PIPR,74.44000244140625
2026-08-27,PLNT,51.70000076293945
2026-08-27,PNW,97.88999938964844
2026-08-27,POWL,192.5500030517578
2026-08-27,PRCT,20.600000381469727
2026-08-27,PRIM,77.0
2026-08-27,PWR,621.8300170898438
2026-08-27,RLI,64.04025268554688
2026-08-27,SHAK,70.55000305175781
2026-08-27,SKWD,57.650001525878906
2026-08-27,SMCI,38.459999084472656
2026-08-27,SMR,9.739999771118164
2026-08-27,SNX,260.1300048828125
2026-08-27,SO,89.05000305175781
2026-08-27,SPY,769.18994140625
2026-08-27,THO,76.30999755859375
2026-08-27,TLN,304.5799865722656
2026-08-27,TRN,29.479999542236328
2026-08-27,TSM,426.15673828125
2026-08-27,UEC,13.619999885559082
2026-08-27,URG,1.5299999713897705
2026-08-27,UUUU,15.739999771118164
2026-08-27,VIRT,66.79488372802734
2026-08-27,VRT,269.2139892578125
2026-08-27,VST,139.58140563964844
2026-08-27,WING,109.9499969482422
2026-08-27,WULF,16.489999771118164
2026-08-27,XLU,42.86481857299805
2026-08-28,AAOI,106.2300033569336
2026-08-28,AAON,75.772705078125
2026-08-28,ACAD,29.11000061035156
2026-08-28,ACHC,28.549999237060547
2026-08-28,AEP,122.30999755859376
2026-08-28,AGX,417.739990234375
2026-08-28,ALAB,289.4700012207031
2026-08-28,ALG,165.27000427246094
2026-08-28,ALRM,57.470001220703125
2026-08-28,AMD,465.5799865722656
2026-08-28,AMZN,266.42999267578125
2026-08-28,APLD,25.34000015258789
2026-08-28,APPF,234.4900054931641
2026-08-28,AVGO,368.1196899414063
2026-08-28,AYI,335.1600036621094
2026-08-28,AZZ,138.33999633789062
2026-08-28,BOOT,154.85000610351562
2026-08-28,BRZE,34.529998779296875
2026-08-28,BWXT,152.85000610351562
2026-08-28,CCJ,100.01000213623048
2026-08-28,CEG,276.75
2026-08-28,CIEN,378.4400024414063
2026-08-28,CLS,298.70001220703125
2026-08-28,COHR,279.20001220703125
2026-08-28,CORZ,16.510000228881836
2026-08-28,CRDO,232.75
2026-08-28,CRWV,84.2300033569336
2026-08-28,CW,596.0850830078125
2026-08-28,D,64.8944091796875
2026-08-28,DLR,184.20689392089844
2026-08-28,DNN,3.390000104904175
2026-08-28,ESE,276.9599914550781
2026-08-28,ESNT,68.55000305175781
2026-08-28,ETR,105.75
2026-08-28,FLR,53.27000045776367
2026-08-28,FN,414.3599853515625
2026-08-28,FSS,118.12999725341795
2026-08-28,GBX,45.90999984741211
2026-08-28,GEV,911.9299926757812
2026-08-28,GFF,98.76000213623048
2026-08-28,GOOGL,346.36737060546875
2026-08-28,HUBB,458.239990234375
2026-08-28,IESC,309.79998779296875
2026-08-28,IREN,35.45000076293945
2026-08-28,IWM,294.9795837402344
2026-08-28,JEF,53.09000015258789
2026-08-28,KBH,54.86000061035156
2026-08-28,KVYO,20.14999961853028
2026-08-28,LEU,175.77999877929688
2026-08-28,LITE,895.0
2026-08-28,LNTH,100.7699966430664
2026-08-28,MDY,688.8953857421875
2026-08-28,META,577.564208984375
2026-08-28,MIR,14.399999618530272
2026-08-28,MOD,177.6300048828125
2026-08-28,MPWR,1256.260009765625
2026-08-28,MSFT,513.530029296875
2026-08-28,MTN,141.92999267578125
2026-08-28,MTZ,241.0
2026-08-28,MYRG,294.4200134277344
2026-08-28,NBIS,209.17999267578125
2026-08-28,NNE,17.969999313354492
2026-08-28,NRG,111.12000274658205
2026-08-28,NVDA,217.3068389892578
2026-08-28,NVT,148.47999572753906
2026-08-28,NXE,10.399999618530272
2026-08-28,OKLO,40.13999938964844
2026-08-28,OLLI,72.41999816894531
2026-08-28,OMCL,33.08000183105469
2026-08-28,ONTO,270.7900085449219
2026-08-28,ORCL,150.85000610351562
2026-08-28,PCOR,63.720001220703125
2026-08-28,PEG,72.52947998046875
2026-08-28,PIPR,75.61000061035156
2026-08-28,PLNT,53.33000183105469
2026-08-28,PNW,97.63999938964844
2026-08-28,POWL,182.7100067138672
2026-08-28,PRCT,20.82999992370605
2026-08-28,PRIM,73.12000274658203
2026-08-28,PWR,602.7000122070312
2026-08-28,RLI,64.12999725341797
2026-08-28,RPM,106.6500015258789
2026-08-28,SHAK,69.88999938964844
2026-08-28,SKWD,58.290000915527344
2026-08-28,SMCI,37.08000183105469
2026-08-28,SMR,9.289999961853027
2026-08-28,SNX,253.97000122070312
2026-08-28,SO,88.25
2026-08-28,SPY,767.4442749023438
2026-08-28,THO,77.0199966430664
2026-08-28,TLN,296.1050109863281
2026-08-28,TRN,29.270000457763672
2026-08-28,TSM,416.4028930664063
2026-08-28,UEC,12.399999618530272
2026-08-28,URG,1.409999966621399
2026-08-28,UUUU,14.670000076293944
2026-08-28,VIRT,66.14725494384766
2026-08-28,VRT,257.0169677734375
2026-08-28,VST,136.8658447265625
2026-08-28,WING,113.58000183105467
2026-08-28,WULF,15.350000381469728
2026-08-28,XLU,42.4181022644043
2026-08-31,AAOI,107.69000244140624
2026-08-31,AAON,75.8725814819336
2026-08-31,ACAD,28.90999984741211
2026-08-31,ACHC,27.559999465942383
2026-08-31,AEP,122.43000030517578
2026-08-31,AGX,424.989990234375
2026-08-31,ALAB,296.9800109863281
2026-08-31,ALG,164.5800018310547
2026-08-31,ALRM,57.560001373291016
2026-08-31,AMD,470.7200012207031
2026-08-31,AMZN,259.7699890136719
2026-08-31,APLD,25.40999984741211
2026-08-31,APPF,234.2100067138672
2026-08-31,AVGO,369.6668395996094
2026-08-31,AYI,331.7900085449219
2026-08-31,AZZ,137.16000366210938
2026-08-31,BOOT,150.6300048828125
2026-08-31,BRZE,34.040000915527344
2026-08-31,BWXT,152.2899932861328
2026-08-31,CCJ,98.76000213623048
2026-08-31,CEG,274.7699890136719
2026-08-31,CIEN,382.7999877929688
2026-08-31,CLS,299.3999938964844
2026-08-31,COHR,277.8299865722656
2026-08-31,CORZ,16.299999237060547
2026-08-31,CRDO,226.19000244140625
2026-08-31,CRWV,84.88999938964844
2026-08-31,CW,582.251708984375
2026-08-31,D,65.34980773925781
2026-08-31,DLR,184.32606506347656
2026-08-31,DNN,3.390000104904175
2026-08-31,ESE,273.0299987792969
2026-08-31,ESNT,67.55999755859375
2026-08-31,ETR,106.30999755859376
2026-08-31,FLR,54.5099983215332
2026-08-31,FN,412.9299926757813
2026-08-31,FSS,117.0
2026-08-31,GBX,45.06999969482422
2026-08-31,GEV,898.530029296875
2026-08-31,GFF,97.38999938964844
2026-08-31,GOOGL,339.13201904296875
2026-08-31,HUBB,453.0
2026-08-31,IESC,303.0
2026-08-31,IREN,37.1150016784668
2026-08-31,IWM,293.164306640625
2026-08-31,JEF,52.63999938964844
2026-08-31,KBH,53.29999923706055
2026-08-31,KVYO,20.57999992370605
2026-08-31,LEU,171.39999389648438
2026-08-31,LITE,914.760009765625
2026-08-31,LNTH,100.95999908447266
2026-08-31,MDY,685.4835815429688
2026-08-31,META,571.888671875
2026-08-31,MIR,15.06999969482422
2026-08-31,MOD,178.42999267578125
2026-08-31,MPWR,1267.77001953125
2026-08-31,MSFT,507.2900085449219
2026-08-31,MTN,136.91000366210938
2026-08-31,MTZ,239.77999877929688
2026-08-31,MYRG,291.4200134277344
2026-08-31,NBIS,206.32000732421875
2026-08-31,NNE,18.290000915527344
2026-08-31,NRG,110.12000274658205
2026-08-31,NVDA,220.53323364257807
2026-08-31,NVT,150.75
2026-08-31,NXE,10.470000267028809
2026-08-31,OKLO,40.56999969482422
2026-08-31,OLLI,75.41999816894531
2026-08-31,OMCL,35.15999984741211
2026-08-31,ONTO,267.2099914550781
2026-08-31,ORCL,149.1199951171875
2026-08-31,PCOR,62.720001220703125
2026-08-31,PEG,72.668212890625
2026-08-31,PIPR,75.05999755859375
2026-08-31,PLNT,51.59999847412109
2026-08-31,PNW,97.63999938964844
2026-08-31,POWL,179.72999572753906
2026-08-31,PRCT,21.200000762939453
2026-08-31,PRIM,72.11000061035156
2026-08-31,PWR,607.0900268554688
2026-08-31,RLI,63.470001220703125
2026-08-31,RPM,104.0999984741211
2026-08-31,SHAK,68.88999938964844
2026-08-31,SKWD,57.40999984741211
2026-08-31,SMCI,37.27999877929688
2026-08-31,SMR,9.270000457763672
2026-08-31,SNX,252.8500061035156
2026-08-31,SO,88.0
2026-08-31,SPY,765.1499633789062
2026-08-31,THO,76.0
2026-08-31,TLN,295.760009765625
2026-08-31,TRN,28.81999969482422
2026-08-31,TSM,414.2088012695313
2026-08-31,UEC,12.239999771118164
2026-08-31,URG,1.4199999570846558
2026-08-31,UUUU,14.75
2026-08-31,VIRT,65.4000015258789
2026-08-31,VRT,258.6565856933594
2026-08-31,VST,137.1453857421875
2026-08-31,WING,109.4800033569336
2026-08-31,WULF,15.130000114440918
2026-08-31,XLU,41.9217529296875
2026-09-01,AAOI,103.38999938964844
2026-09-01,AAON,75.25337219238281
2026-09-01,ACAD,28.88999938964844
2026-09-01,ACHC,28.25
2026-09-01,AEP,122.95999908447266
2026-09-01,AGX,404.75
2026-09-01,ALAB,279.9100036621094
2026-09-01,ALG,164.10000610351562
2026-09-01,ALRM,55.61000061035156
2026-09-01,AMD,459.6099853515625
2026-09-01,AMZN,254.9199981689453
2026-09-01,APLD,24.290000915527344
2026-09-01,APPF,225.27999877929688
2026-09-01,AVGO,369.008056640625
2026-09-01,AYI,326.0799865722656
2026-09-01,AZZ,135.75
2026-09-01,BOOT,148.77999877929688
2026-09-01,BRZE,32.779998779296875
2026-09-01,BWXT,161.5399932861328
2026-09-01,CCJ,96.26000213623048
2026-09-01,CEG,280.3099975585937
2026-09-01,CIEN,360.3299865722656
2026-09-01,CLS,292.5899963378906
2026-09-01,COHR,272.0299987792969
2026-09-01,CORZ,16.06999969482422
2026-09-01,CRDO,206.6300048828125
2026-09-01,CRWV,81.8499984741211
2026-09-01,CW,577.7138671875
2026-09-01,D,65.71610260009766
2026-09-01,DLR,182.0218811035156
2026-09-01,DNN,3.200000047683716
2026-09-01,ESE,267.6300048828125
2026-09-01,ESNT,68.08999633789062
2026-09-01,ETR,107.0199966430664
2026-09-01,FLR,56.25
2026-09-01,FN,402.0700073242188
2026-09-01,FSS,113.61000061035156
2026-09-01,GBX,42.0
2026-09-01,GEV,898.530029296875
2026-09-01,GFF,94.44000244140624
2026-09-01,GOOGL,334.8047790527344
2026-09-01,HUBB,443.30999755859375
2026-09-01,IESC,300.5899963378906
2026-09-01,IREN,36.81999969482422
2026-09-01,IWM,289.8130798339844
2026-09-01,JEF,51.97999954223633
2026-09-01,KBH,52.220001220703125
2026-09-01,KVYO,20.63999938964844
2026-09-01,LEU,168.30999755859375
2026-09-01,LITE,868.9500122070312
2026-09-01,LNTH,100.87999725341795
2026-09-01,MDY,678.32080078125
2026-09-01,META,578.083740234375
2026-09-01,MIR,15.510000228881836
2026-09-01,MOD,180.9100036621093
2026-09-01,MPWR,1224.1517333984375
2026-09-01,MSFT,501.0199890136719
2026-09-01,MTN,132.38999938964844
2026-09-01,MTZ,237.7400054931641
2026-09-01,MYRG,286.4599914550781
2026-09-01,NBIS,199.5399932861328
2026-09-01,NNE,17.469999313354492
2026-09-01,NRG,109.51000213623048
2026-09-01,NVDA,217.1969757080078
2026-09-01,NVT,147.3000030517578
2026-09-01,NXE,9.93000030517578
2026-09-01,OKLO,38.52999877929688
2026-09-01,OLLI,72.33999633789062
2026-09-01,OMCL,34.5099983215332
2026-09-01,ONTO,256.3699951171875
2026-09-01,ORCL,141.32000732421875
2026-09-01,PCOR,60.36000061035156
2026-09-01,PEG,72.81686401367188
2026-09-01,PIPR,74.48999786376953
2026-09-01,PLNT,50.470001220703125
2026-09-01,PNW,97.66000366210938
2026-09-01,POWL,172.13999938964844
2026-09-01,PRCT,20.90999984741211
2026-09-01,PRIM,72.17218780517578
2026-09-01,PWR,611.3900146484375
2026-09-01,RLI,63.34999847412109
2026-09-01,RPM,101.8499984741211
2026-09-01,SHAK,67.62000274658203
2026-09-01,SKWD,57.41999816894531
2026-09-01,SMCI,36.709999084472656
2026-09-01,SMR,9.210000038146973
2026-09-01,SNX,251.38999938964844
2026-09-01,SO,88.08999633789062
2026-09-01,SPY,759.89306640625
2026-09-01,THO,74.38999938964844
2026-09-01,TLN,293.7300109863281
2026-09-01,TRN,27.86000061035156
2026-09-01,TSM,412.892333984375
2026-09-01,UEC,11.59000015258789
2026-09-01,URG,1.340000033378601
2026-09-01,UUUU,14.220000267028809
2026-09-01,VIRT,65.31999969482422
2026-09-01,VRT,255.90725708007807
2026-09-01,VST,137.85423278808594
2026-09-01,WING,109.5999984741211
2026-09-01,WULF,14.649999618530272
2026-09-01,XLU,42.24934387207031
2026-09-02,AAOI,103.12999725341795
2026-09-02,AAON,74.52430725097656
2026-09-02,ACAD,28.93000030517578
2026-09-02,ACHC,27.75
2026-09-02,AEP,123.56999969482422
2026-09-02,AGX,410.3999938964844
2026-09-02,ALAB,274.1300048828125
2026-09-02,ALG,171.30999755859375
2026-09-02,ALRM,56.54999923706055
2026-09-02,AMD,457.05999755859375
2026-09-02,AMZN,254.97999572753903
2026-09-02,APLD,24.90999984741211
2026-09-02,APPF,224.2700042724609
2026-09-02,AVGO,366.5724792480469
2026-09-02,AYI,330.5899963378906
2026-09-02,AZZ,135.14999389648438
2026-09-02,BOOT,148.66000366210938
2026-09-02,BRZE,32.939998626708984
2026-09-02,BWXT,155.6699981689453
2026-09-02,CCJ,96.37999725341795
2026-09-02,CEG,290.0400085449219
2026-09-02,CIEN,354.1600036621094
2026-09-02,CLS,277.7699890136719
2026-09-02,COHR,268.6400146484375
2026-09-02,CORZ,16.809999465942383
2026-09-02,CRDO,165.22000122070312
2026-09-02,CRWV,80.93000030517578
2026-09-02,CW,561.2617797851562
2026-09-02,D,65.389404296875
2026-09-02,DLR,182.508529663086
2026-09-02,DNN,3.220000028610229
2026-09-02,ESE,266.8194580078125
2026-09-02,ESNT,68.97000122070312
2026-09-02,ETR,106.75
2026-09-02,FLR,56.59999847412109
2026-09-02,FN,395.3500061035156
2026-09-02,FSS,115.12000274658205
2026-09-02,GBX,42.75
2026-09-02,GEV,921.9400024414062
2026-09-02,GFF,95.83000183105467
2026-09-02,GOOGL,336.9034423828125
2026-09-02,HUBB,450.0799865722656
2026-09-02,IESC,302.6400146484375
2026-09-02,IREN,39.59999847412109
2026-09-02,IWM,293.2441101074219
2026-09-02,JEF,52.900001525878906
2026-09-02,KBH,52.08000183105469
2026-09-02,KVYO,19.309999465942383
2026-09-02,LEU,171.49000549316406
2026-09-02,LITE,870.5800170898438
2026-09-02,LNTH,100.80999755859376
2026-09-02,MDY,683.2888793945312
2026-09-02,META,592.3824462890625
2026-09-02,MIR,15.56999969482422
2026-09-02,MOD,179.50999450683594
2026-09-02,MPWR,1217.5615234375
2026-09-02,MSFT,496.8200073242188
2026-09-02,MTN,136.3000030517578
2026-09-02,MTZ,235.3300018310547
2026-09-02,MYRG,282.6499938964844
2026-09-02,NBIS,204.08999633789065
2026-09-02,NNE,17.59000015258789
2026-09-02,NRG,111.08999633789062
2026-09-02,NVDA,224.1591796875
2026-09-02,NVT,148.1699981689453
2026-09-02,NXE,10.220000267028809
2026-09-02,OKLO,39.52000045776367
2026-09-02,OLLI,73.87000274658203
2026-09-02,OMCL,34.709999084472656
2026-09-02,ONTO,254.5500030517578
2026-09-02,ORCL,145.75
2026-09-02,PCOR,59.4900016784668
2026-09-02,PEG,72.6583023071289
2026-09-02,PIPR,75.19000244140625
2026-09-02,PLNT,51.68000030517578
2026-09-02,PNW,97.37999725341795
2026-09-02,POWL,170.50999450683594
2026-09-02,PRCT,21.96999931335449
2026-09-02,PRIM,74.16004180908203
2026-09-02,PWR,610.6754760742188
2026-09-02,RLI,63.34999847412109
2026-09-02,RPM,103.2300033569336
2026-09-02,SHAK,67.9000015258789
2026-09-02,SKWD,56.31999969482422
2026-09-02,SMCI,37.0
2026-09-02,SMR,9.5600004196167
2026-09-02,SNX,253.0599975585937
2026-09-02,SO,88.30999755859375
2026-09-02,SPY,763.2646484375
2026-09-02,THO,75.70999908447266
2026-09-02,TLN,302.0299987792969
2026-09-02,TRN,28.0
2026-09-02,TSM,414.3883056640625
2026-09-02,UEC,11.619999885559082
2026-09-02,URG,1.3600000143051147
2026-09-02,UUUU,14.289999961853027
2026-09-02,VIRT,62.68999862670898
2026-09-02,VRT,256.6370849609375
2026-09-02,VST,143.22544860839844
2026-09-02,WING,113.15499877929688
2026-09-02,WULF,14.81999969482422
2026-09-02,XLU,42.35853958129883
2026-09-03,AAOI,100.37999725341795
2026-09-03,AAON,77.8800048828125
2026-09-03,ACAD,27.86000061035156
2026-09-03,ACHC,28.3799991607666
2026-09-03,ACI,12.59000015258789
2026-09-03,AEP,124.70999908447266
2026-09-03,AGX,411.7699890136719
2026-09-03,ALAB,282.82000732421875
2026-09-03,ALG,171.5399932861328
2026-09-03,ALRM,56.72999954223633
2026-09-03,AMD,456.1600036621094
2026-09-03,AMZN,258.8999938964844
2026-09-03,APLD,25.90999984741211
2026-09-03,APPF,223.57000732421875
2026-09-03,AVGO,356.51080322265625
2026-09-03,AYI,328.4700012207031
2026-09-03,AZZ,137.4499969482422
2026-09-03,BOOT,147.36000061035156
2026-09-03,BRZE,33.25
2026-09-03,BWXT,160.25
2026-09-03,CCJ,100.62000274658205
2026-09-03,CEG,285.04998779296875
2026-09-03,CIEN,317.4599914550781
2026-09-03,CLS,309.8399963378906
2026-09-03,COHR,264.4100036621094
2026-09-03,CORZ,17.899999618530273
2026-09-03,CRDO,164.1699981689453
2026-09-03,CRWV,84.55999755859375
2026-09-03,CW,568.4483032226562
2026-09-03,D,66.12200164794922
2026-09-03,DLR,186.51109313964844
2026-09-03,DNN,3.4100000858306885
2026-09-03,ESE,273.787353515625
2026-09-03,ESNT,69.62999725341797
2026-09-03,ETR,107.77999877929688
2026-09-03,FLR,57.5
2026-09-03,FN,395.0
2026-09-03,FSS,117.16000366210938
2026-09-03,GBX,42.790000915527344
2026-09-03,GEV,941.8400268554688
2026-09-03,GFF,97.75
2026-09-03,GOOGL,342.260009765625
2026-09-03,HUBB,460.1499938964844
2026-09-03,IESC,315.0899963378906
2026-09-03,IREN,41.650001525878906
2026-09-03,IWM,294.4210510253906
2026-09-03,JEF,54.2599983215332
2026-09-03,KBH,52.310001373291016
2026-09-03,KVYO,19.76000022888184
2026-09-03,LEU,170.4600067138672
2026-09-03,LITE,847.3699951171875
2026-09-03,LNTH,100.9800033569336
2026-09-03,MDY,688.9852294921875
2026-09-03,META,610.1984252929688
2026-09-03,MIR,16.760000228881836
2026-09-03,MOD,186.6300048828125
2026-09-03,MPWR,1211.8599853515625
2026-09-03,MSFT,510.1199951171875
2026-09-03,MTN,136.05999755859375
2026-09-03,MTZ,232.27999877929688
2026-09-03,MYRG,284.1000061035156
2026-09-03,NBIS,210.6300048828125
2026-09-03,NNE,17.649999618530273
2026-09-03,NRG,111.83999633789062
2026-09-03,NVDA,228.1946563720703
2026-09-03,NVT,152.08999633789062
2026-09-03,NXE,10.670000076293944
2026-09-03,OKLO,39.84000015258789
2026-09-03,OLLI,73.69000244140625
2026-09-03,OMCL,34.81999969482422
2026-09-03,ONTO,252.4600067138672
2026-09-03,ORCL,154.0399932861328
2026-09-03,PCOR,60.59000015258789
2026-09-03,PEG,73.14387512207031
2026-09-03,PIPR,77.75
2026-09-03,PLNT,51.5
2026-09-03,PNW,98.0
2026-09-03,POWL,175.16000366210938
2026-09-03,PRCT,21.3700008392334
2026-09-03,PRIM,73.5107421875
2026-09-03,PWR,619.953857421875
2026-09-03,RLI,64.04000091552734
2026-09-03,RPM,103.43000030517578
2026-09-03,SHAK,69.30000305175781
2026-09-03,SKWD,58.09000015258789
2026-09-03,SMCI,37.869998931884766
2026-09-03,SMR,9.75
2026-09-03,SNX,262.5299987792969
2026-09-03,SO,88.7699966430664
2026-09-03,SPY,771.2548217773438
2026-09-03,THO,75.77999877929688
2026-09-03,TLN,305.5199890136719
2026-09-03,TRN,28.11000061035156
2026-09-03,TSM,415.894287109375
2026-09-03,UEC,11.510000228881836
2026-09-03,URG,1.399999976158142
2026-09-03,UUUU,14.350000381469728
2026-09-03,VIRT,64.19000244140625
2026-09-03,VRT,268.7640991210937
2026-09-03,VST,143.98419189453125
2026-09-03,WING,110.27999877929688
2026-09-03,WULF,16.229999542236328
2026-09-03,XLU,42.715911865234375
2026-09-04,AAOI,105.52999877929688
2026-09-04,AAON,79.4000015258789
2026-09-04,ACAD,28.020000457763672
2026-09-04,ACHC,28.1299991607666
2026-09-04,ACI,12.550000190734863
2026-09-04,AEP,124.5
2026-09-04,AGX,417.989990234375
2026-09-04,ALAB,310.3999938964844
2026-09-04,ALG,173.55999755859375
2026-09-04,ALRM,56.47999954223633
2026-09-04,AMD,477.5700073242188
2026-09-04,AMZN,258.510009765625
2026-09-04,APLD,26.3700008392334
2026-09-04,APPF,214.27999877929688
2026-09-04,AVGO,357.2494506835937
2026-09-04,AYI,334.04998779296875
2026-09-04,AZZ,140.02000427246094
2026-09-04,BOOT,154.2899932861328
2026-09-04,BRZE,31.959999084472656
2026-09-04,BWXT,157.58999633789062
2026-09-04,CCJ,100.73999786376952
2026-09-04,CEG,298.9599914550781
2026-09-04,CIEN,321.0
2026-09-04,CLS,312.3500061035156
2026-09-04,COHR,281.8599853515625
2026-09-04,CORZ,17.889999389648438
2026-09-04,CRDO,170.57000732421875
2026-09-04,CRWV,89.36000061035156
2026-09-04,CW,566.479248046875
2026-09-04,D,65.83999633789062
2026-09-04,DLR,187.1070098876953
2026-09-04,DNN,3.4200000762939453
2026-09-04,ESE,273.9372863769531
2026-09-04,ESNT,69.18000030517578
2026-09-04,ETR,107.2699966430664
2026-09-04,FLR,56.15999984741211
2026-09-04,FN,407.3999938964844
2026-09-04,FSS,119.27999877929688
2026-09-04,GBX,43.2599983215332
2026-09-04,GEV,941.9500122070312
2026-09-04,GFF,99.68000030517578
2026-09-04,GOOGL,338.4599914550781
2026-09-04,HUBB,460.7200012207031
2026-09-04,IESC,322.57000732421875
2026-09-04,IREN,44.68000030517578
2026-09-04,IWM,295.2389221191406
2026-09-04,JEF,55.22999954223633
2026-09-04,KBH,52.25
2026-09-04,KVYO,18.61000061035156
2026-09-04,LEU,173.88999938964844
2026-09-04,LITE,881.2550048828125
2026-09-04,LNTH,100.97000122070312
2026-09-04,MDY,689.8630981445312
2026-09-04,META,616.2836303710938
2026-09-04,MIR,16.93000030517578
2026-09-04,MOD,194.6600036621093
2026-09-04,MPWR,1222.054931640625
2026-09-04,MSFT,499.7000122070313
2026-09-04,MTN,134.9600067138672
2026-09-04,MTZ,237.19000244140625
2026-09-04,MYRG,286.5899963378906
2026-09-04,NBIS,226.38999938964844
2026-09-04,NNE,17.719999313354492
2026-09-04,NRG,119.0199966430664
2026-09-04,NVDA,230.1025238037109
2026-09-04,NVT,156.02999877929688
2026-09-04,NXE,10.729999542236328
2026-09-04,OKLO,41.27000045776367
2026-09-04,OLLI,76.56500244140625
2026-09-04,OMCL,34.369998931884766
2026-09-04,ONTO,268.010009765625
2026-09-04,ORCL,158.77999877929688
2026-09-04,PCOR,58.0099983215332
2026-09-04,PEG,73.03486633300781
2026-09-04,PIPR,77.04000091552734
2026-09-04,PLNT,50.869998931884766
2026-09-04,PNW,97.5199966430664
2026-09-04,POWL,181.1699981689453
2026-09-04,PRCT,22.76000022888184
2026-09-04,PRIM,74.34983825683594
2026-09-04,PWR,624.3031005859375
2026-09-04,RLI,62.400001525878906
2026-09-04,RPM,105.5199966430664
2026-09-04,SHAK,69.4000015258789
2026-09-04,SKWD,57.34000015258789
2026-09-04,SMCI,39.59000015258789
2026-09-04,SMR,9.699999809265137
2026-09-04,SNX,262.6400146484375
2026-09-04,SO,88.11000061035156
2026-09-04,SPY,768.2822265625
2026-09-04,THO,76.94000244140625
2026-09-04,TLN,317.0
2026-09-04,TRN,28.31999969482422
2026-09-04,TSM,427.762451171875
2026-09-04,UEC,11.539999961853027
2026-09-04,URG,1.399999976158142
2026-09-04,UUUU,14.470000267028809
2026-09-04,VIRT,64.43000030517578
2026-09-04,VRT,280.46124267578125
2026-09-04,VST,149.05589294433594
2026-09-04,WING,109.20500183105467
2026-09-04,WULF,16.510000228881836
2026-09-04,XLU,42.76554870605469
2026-09-08,AA,51.7400016784668
2026-09-08,AAOI,111.55000305175781
2026-09-08,AAON,79.4000015258789
2026-09-08,ACAD,27.579999923706055
2026-09-08,ACHC,27.5
2026-09-08,ACI,12.140000343322754
2026-09-08,AEP,125.41999816894531
2026-09-08,AGX,436.7799987792969
2026-09-08,ALAB,288.8500061035156
2026-09-08,ALG,172.52999877929688
2026-09-08,ALRM,56.0099983215332
2026-09-08,AMD,505.739990234375
2026-09-08,AMZN,256.9700012207031
2026-09-08,APLD,28.309999465942383
2026-09-08,APPF,206.01499938964844
2026-09-08,AVGO,367.89007568359375
2026-09-08,AYI,325.4599914550781
2026-09-08,AZZ,139.47000122070312
2026-09-08,BOOT,152.60000610351562
2026-09-08,BRZE,30.309999465942383
2026-09-08,BWXT,160.41000366210938
2026-09-08,CBSH,58.27000045776367
2026-09-08,CCJ,101.97000122070312
2026-09-08,CEG,299.04998779296875
2026-09-08,CIEN,341.2900085449219
2026-09-08,CLS,329.9700012207031
2026-09-08,CMC,70.76000213623047
2026-09-08,COHR,301.8800048828125
2026-09-08,CORZ,18.729999542236328
2026-09-08,CRDO,167.75
2026-09-08,CRWV,99.83000183105469
2026-09-08,CW,572.4364013671875
2026-09-08,D,66.22000122070312
2026-09-08,DLR,188.20944213867188
2026-09-08,DNN,3.3499999046325684
2026-09-08,ESE,272.0378723144531
2026-09-08,ESNT,68.44000244140625
2026-09-08,ETR,108.52999877929688
2026-09-08,FHN,24.50061798095703
2026-09-08,FLR,56.619998931884766
2026-09-08,FN,416.30999755859375
2026-09-08,FSS,118.25
2026-09-08,GBX,42.7599983215332
2026-09-08,GEV,971.3099975585938
2026-09-08,GFF,97.33000183105469
2026-09-08,GOOGL,338.3599853515625
2026-09-08,HOMB,29.790000915527344
2026-09-08,HUBB,464.75
2026-09-08,IESC,342.79998779296875
2026-09-08,IREN,46.93000030517578
2026-09-08,IWM,293.90240478515625
2026-09-08,JEF,55.720001220703125
2026-09-08,KBH,50.20000076293945
2026-09-08,KVYO,17.889999389648438
2026-09-08,LEU,185.52999877929688
2026-09-08,LITE,978.5349731445312
2026-09-08,LNTH,100.44000244140625
2026-09-08,MDY,685.3140258789062
2026-09-08,META,612.9962158203125
2026-09-08,MIR,16.920000076293945
2026-09-08,MOD,192.35000610351562
2026-09-08,MPWR,1216.7027587890625
2026-09-08,MSFT,493.95001220703125
2026-09-08,MTN,132.99000549316406
2026-09-08,MTZ,246.17999267578125
2026-09-08,MYRG,288.1600036621094
2026-09-08,NBIS,243.8800048828125
2026-09-08,NNE,19.350000381469727
2026-09-08,NRG,119.63999938964844
2026-09-08,NVDA,225.47769165039062
2026-09-08,NVT,162.57000732421875
2026-09-08,NXE,10.6899995803833
2026-09-08,OKLO,43.310001373291016
2026-09-08,OLLI,76.87999725341797
2026-09-08,OMCL,33.880001068115234
2026-09-08,ONTO,281.1099853515625
2026-09-08,ORCL,162.52000427246094
2026-09-08,PCOR,56.18000030517578
2026-09-08,PEG,73.56999969482422
2026-09-08,PIPR,77.33999633789062
2026-09-08,PLNT,49.880001068115234
2026-09-08,PNW,98.04000091552734
2026-09-08,POWL,182.49000549316406
2026-09-08,PRCT,21.350000381469727
2026-09-08,PRIM,75.36873626708984
2026-09-08,PWR,638.9406127929688
2026-09-08,RLI,61.13999938964844
2026-09-08,RPM,102.2699966430664
2026-09-08,SHAK,67.4000015258789
2026-09-08,SKWD,56.529998779296875
2026-09-08,SMCI,40.2599983215332
2026-09-08,SMR,11.180000305175781
2026-09-08,SNX,258.6000061035156
2026-09-08,SO,88.98999786376953
2026-09-08,SPY,764.0626831054688
2026-09-08,THO,74.12999725341797
2026-09-08,TLN,325.7699890136719
2026-09-08,TRN,28.010000228881836
2026-09-08,TSM,437.825439453125
2026-09-08,UEC,11.890000343322754
2026-09-08,URG,1.3899999856948853
2026-09-08,UUUU,14.619999885559082
2026-09-08,VIRT,63.02000045776367
2026-09-08,VRT,290.7586975097656
2026-09-08,VST,151.47193908691406
2026-09-08,WING,109.44999694824219
2026-09-08,WULF,17.860000610351562
2026-09-08,XLU,43.13284683227539
2026-09-09,AA,50.72999954223633
2026-09-09,AAOI,107.93000030517578
2026-09-09,AAON,77.0199966430664
2026-09-09,ACAD,27.68000030517578
2026-09-09,ACHC,28.190000534057617
2026-09-09,ACI,11.850000381469727
2026-09-09,AEP,124.66999816894531
2026-09-09,AGX,402.1300048828125
2026-09-09,ALAB,300.5400085449219
2026-09-09,ALG,171.6199951171875
2026-09-09,ALRM,54.9900016784668
2026-09-09,AMD,521.0999755859375
2026-09-09,AMZN,252.39999389648438
2026-09-09,APLD,27.139999389648438
2026-09-09,APPF,205.64999389648438
2026-09-09,AVGO,363.7176818847656
2026-09-09,AYI,320.79998779296875
2026-09-09,AZZ,138.2899932861328
2026-09-09,BOOT,143.02000427246094
2026-09-09,BRZE,23.725000381469727
2026-09-09,BWXT,156.7100067138672
2026-09-09,CBSH,58.09000015258789
2026-09-09,CCJ,100.41000366210938
2026-09-09,CEG,293.9049987792969
2026-09-09,CIEN,338.0
2026-09-09,CLS,333.6000061035156
2026-09-09,CMC,68.9800033569336
2026-09-09,COHR,303.4800109863281
2026-09-09,CORZ,18.09000015258789
2026-09-09,CRDO,167.9199981689453
2026-09-09,CRWV,94.94000244140625
2026-09-09,CW,565.0699462890625
2026-09-09,D,65.0999984741211
2026-09-09,DLR,187.7923126220703
2026-09-09,DNN,3.3499999046325684
2026-09-09,ESE,270.8282470703125
2026-09-09,ESNT,68.56999969482422
2026-09-09,ETR,107.16999816894531
2026-09-09,FHN,24.411235809326172
2026-09-09,FLR,54.83000183105469
2026-09-09,FN,418.2699890136719
2026-09-09,FSS,117.44999694824219
2026-09-09,GBX,42.7599983215332
2026-09-09,GEV,951.0399780273438
2026-09-09,GFF,97.58999633789062
2026-09-09,GOOGL,330.6499938964844
2026-09-09,HOMB,29.709999084472656
2026-09-09,HUBB,454.9700012207031
2026-09-09,IESC,324.6600036621094
2026-09-09,IREN,45.369998931884766
2026-09-09,IWM,289.8829040527344
2026-09-09,JEF,55.25
2026-09-09,KBH,49.72999954223633
2026-09-09,KVYO,16.270000457763672
2026-09-09,LEU,181.49000549316406
2026-09-09,LITE,988.97998046875
2026-09-09,LNTH,100.69999694824219
2026-09-09,MDY,678.0215454101562
2026-09-09,META,653.1744995117188
2026-09-09,MIR,16.6200008392334
2026-09-09,MOD,185.97000122070312
2026-09-09,MPWR,1201.974609375
2026-09-09,MSFT,491.6499938964844
2026-09-09,MTN,130.3300018310547
2026-09-09,MTZ,240.67999267578125
2026-09-09,MYRG,286.8399963378906
2026-09-09,NBIS,240.35000610351562
2026-09-09,NNE,18.170000076293945
2026-09-09,NRG,115.37000274658203
2026-09-09,NVDA,223.4199981689453
2026-09-09,NVT,158.5399932861328
2026-09-09,NXE,10.640000343322754
2026-09-09,OKLO,42.56999969482422
2026-09-09,OLLI,72.37999725341797
2026-09-09,OMCL,33.63999938964844
2026-09-09,ONTO,278.3999938964844
2026-09-09,ORCL,161.6300048828125
2026-09-09,PCOR,54.130001068115234
2026-09-09,PEG,72.5999984741211
2026-09-09,PIPR,76.95999908447266
2026-09-09,PLNT,49.880001068115234
2026-09-09,PNW,97.18000030517578
2026-09-09,POWL,180.25999450683594
2026-09-09,PRCT,20.739999771118164
2026-09-09,PRIM,73.77046203613281
2026-09-09,PWR,626.8726806640625
2026-09-09,RLI,61.20000076293945
2026-09-09,RPM,99.70999908447266
2026-09-09,SHAK,63.0099983215332
2026-09-09,SKWD,56.349998474121094
2026-09-09,SMCI,38.93000030517578
2026-09-09,SMR,10.8100004196167
2026-09-09,SNX,258.2300109863281
2026-09-09,SO,88.33999633789062
2026-09-09,SPY,760.5115356445312
2026-09-09,THO,71.93000030517578
2026-09-09,TLN,319.6700134277344
2026-09-09,TRN,28.149999618530273
2026-09-09,TSM,434.1951599121094
2026-09-09,UEC,11.600000381469727
2026-09-09,URG,1.3799999952316284
2026-09-09,UUUU,14.550000190734863
2026-09-09,VIRT,62.88999938964844
2026-09-09,VRT,262.8255920410156
2026-09-09,VST,150.8529510498047
2026-09-09,WING,110.58000183105469
2026-09-09,WULF,17.1299991607666
2026-09-09,XLU,42.62656784057617
2026-09-10,AA,48.29999923706055
2026-09-10,AAOI,103.29000091552734
2026-09-10,AAON,76.5199966430664
2026-09-10,ACAD,27.739999771118164
2026-09-10,ACHC,28.530000686645508
2026-09-10,ACI,11.699999809265137
2026-09-10,AEP,123.47000122070312
2026-09-10,AGX,396.3299865722656
2026-09-10,ALAB,284.5299987792969
2026-09-10,ALG,167.27999877929688
2026-09-10,ALRM,55.16999816894531
2026-09-10,AMD,503.6000061035156
2026-09-10,AMZN,251.88999938964844
2026-09-10,APLD,25.780000686645508
2026-09-10,APPF,205.75999450683594
2026-09-10,AVGO,360.17413330078125
2026-09-10,AYI,316.25
2026-09-10,AZZ,136.52000427246094
2026-09-10,BOOT,140.67999267578125
2026-09-10,BRZE,24.264999389648438
2026-09-10,BWXT,152.49000549316406
2026-09-10,CBSH,58.290000915527344
2026-09-10,CCJ,97.41999816894531
2026-09-10,CEG,285.9700012207031
2026-09-10,CIEN,334.55999755859375
2026-09-10,CLS,325.2200012207031
2026-09-10,CMC,66.62000274658203
2026-09-10,COHR,293.1700134277344
2026-09-10,CORZ,17.3700008392334
2026-09-10,CRDO,160.30999755859375
2026-09-10,CRWV,89.12000274658203
2026-09-10,CW,559.4725952148438
2026-09-10,D,65.05000305175781
2026-09-10,DLR,184.10757446289062
2026-09-10,DNN,3.2300000190734863
2026-09-10,ESE,267.1793518066406
2026-09-10,ESNT,68.33999633789062
2026-09-10,ETR,105.7300033569336
2026-09-10,FHN,24.59000015258789
2026-09-10,FLR,53.54999923706055
2026-09-10,FN,403.95001220703125
2026-09-10,FSS,113.45999908447266
2026-09-10,GBX,42.65999984741211
2026-09-10,GEV,923.9099731445312
2026-09-10,GFF,95.30000305175781
2026-09-10,GOOGL,332.6000061035156
2026-09-10,HOMB,29.770000457763672
2026-09-10,HUBB,452.4100036621094
2026-09-10,IESC,319.5199890136719
2026-09-10,IREN,43.63999938964844
2026-09-10,IWM,286.9505615234375
2026-09-10,JEF,53.93000030517578
2026-09-10,KBH,47.75
2026-09-10,KVYO,16.1299991607666
2026-09-10,LEU,165.8699951171875
2026-09-10,LITE,935.7000122070312
2026-09-10,LNTH,100.38999938964844
2026-09-10,MDY,671.6368408203125
2026-09-10,META,643.8718872070312
2026-09-10,MIR,15.84000015258789
2026-09-10,MOD,179.25999450683594
2026-09-10,MPWR,1184.33056640625
2026-09-10,MSFT,492.44000244140625
2026-09-10,MTN,133.3300018310547
2026-09-10,MTZ,232.1999969482422
2026-09-10,MYRG,284.4700012207031
2026-09-10,NBIS,228.11000061035156
2026-09-10,NNE,17.360000610351562
2026-09-10,NRG,111.6500015258789
2026-09-10,NVDA,218.36000061035156
2026-09-10,NVT,155.1699981689453
2026-09-10,NXE,10.210000038146973
2026-09-10,OKLO,39.880001068115234
2026-09-10,OLLI,71.91999816894531
2026-09-10,OMCL,32.25
2026-09-10,ONTO,268.9200134277344
2026-09-10,ORCL,152.94000244140625
2026-09-10,PCOR,53.209999084472656
2026-09-10,PEG,72.4800033569336
2026-09-10,PIPR,76.11000061035156
2026-09-10,PLNT,49.97999954223633
2026-09-10,PNW,96.58999633789062
2026-09-10,POWL,176.88999938964844
2026-09-10,PRCT,20.06999969482422
2026-09-10,PRIM,72.89141082763672
2026-09-10,PWR,618.6240844726562
2026-09-10,RLI,60.439998626708984
2026-09-10,RPM,99.30999755859376
2026-09-10,SHAK,61.70000076293945
2026-09-10,SKWD,56.29999923706055
2026-09-10,SMCI,37.380001068115234
2026-09-10,SMR,10.210000038146973
2026-09-10,SNX,255.5399932861328
2026-09-10,SO,87.75
2026-09-10,SPY,755.9528198242188
2026-09-10,THO,72.01000213623047
2026-09-10,TLN,311.5400085449219
2026-09-10,TRN,28.360000610351562
2026-09-10,TSM,426.8847961425781
2026-09-10,UEC,11.020000457763672
2026-09-10,URG,1.340000033378601
2026-09-10,UUUU,13.630000114440918
2026-09-10,VIRT,61.56999969482422
2026-09-10,VRT,248.06918334960938
2026-09-10,VST,146.8095703125
2026-09-10,WING,110.5199966430664
2026-09-10,WULF,16.139999389648438
2026-09-10,XLU,42.20963668823242
2026-09-11,AA,48.2599983215332
2026-09-11,AAOI,105.36000061035156
2026-09-11,AAON,79.80000305175781
2026-09-11,ACAD,27.829999923706055
2026-09-11,ACHC,28.360000610351562
2026-09-11,ACI,12.079999923706055
2026-09-11,AEP,123.33000183105469
2026-09-11,AGX,413.739990234375
2026-09-11,ALAB,291.2200012207031
2026-09-11,ALG,169.0800018310547
2026-09-11,ALRM,55.36000061035156
2026-09-11,AMD,516.1300048828125
2026-09-11,AMZN,256.7799987792969
2026-09-11,APLD,26.420000076293945
2026-09-11,APPF,208.47999572753906
2026-09-11,AVGO,361.33203125
2026-09-11,AYI,318.9599914550781
2026-09-11,AZZ,137.07000732421875
2026-09-11,BOOT,144.38999938964844
2026-09-11,BRZE,23.940000534057617
2026-09-11,BWXT,150.1199951171875
2026-09-11,CBSH,58.25
2026-09-11,CCJ,96.68000030517578
2026-09-11,CEG,284.75
2026-09-11,CIEN,349.5400085449219
2026-09-11,CLS,346.54998779296875
2026-09-11,CMC,67.16999816894531
2026-09-11,COHR,305.3699951171875
2026-09-11,CORZ,17.940000534057617
2026-09-11,CRDO,162.9499969482422
2026-09-11,CRWV,88.98999786376953
2026-09-11,CW,558.6329956054688
2026-09-11,D,64.36000061035156
2026-09-11,DLR,187.29571533203125
2026-09-11,DNN,3.0199999809265137
2026-09-11,ESE,270.2184143066406
2026-09-11,ESNT,68.18000030517578
2026-09-11,ETR,105.33000183105469
2026-09-11,FHN,24.469999313354492
2026-09-11,FLR,54.20000076293945
2026-09-11,FN,414.5799865722656
2026-09-11,FSS,113.9800033569336
2026-09-11,GBX,43.09000015258789
2026-09-11,GEV,957.27001953125
2026-09-11,GFF,96.02999877929688
2026-09-11,GOOGL,338.5
2026-09-11,HOMB,29.969999313354492
2026-09-11,HUBB,460.3999938964844
2026-09-11,IESC,345.7099914550781
2026-09-11,IREN,43.83000183105469
2026-09-11,IWM,288.1374816894531
2026-09-11,JEF,51.959999084472656
2026-09-11,KBH,49.15999984741211
2026-09-11,KVYO,16.360000610351562
2026-09-11,LEU,152.30999755859375
2026-09-11,LITE,927.030029296875
2026-09-11,LNTH,100.25
2026-09-11,MDY,677.0538330078125
2026-09-11,META,647.51904296875
2026-09-11,MIR,15.979999542236328
2026-09-11,MOD,189.3000030517578
2026-09-11,MPWR,1232.6392822265625
2026-09-11,MSFT,495.6300048828125
2026-09-11,MTN,140.08999633789062
2026-09-11,MTZ,240.41000366210938
2026-09-11,MYRG,291.260009765625
2026-09-11,NBIS,224.5500030517578
2026-09-11,NNE,16.40999984741211
2026-09-11,NRG,113.45999908447266
2026-09-11,NVDA,218.2899932861328
2026-09-11,NVT,162.3800048828125
2026-09-11,NXE,9.850000381469727
2026-09-11,OKLO,36.220001220703125
2026-09-11,OLLI,73.55999755859375
2026-09-11,OMCL,32.790000915527344
2026-09-11,ONTO,281.260009765625
2026-09-11,ORCL,150.27999877929688
2026-09-11,PCOR,53.2599983215332
2026-09-11,PEG,72.38999938964844
2026-09-11,PIPR,76.43000030517578
2026-09-11,PLNT,50.75
2026-09-11,PNW,96.0999984741211
2026-09-11,POWL,182.5
2026-09-11,PRCT,20.3799991607666
2026-09-11,PRIM,75.19892120361328
2026-09-11,PWR,650.4686279296875
2026-09-11,RLI,60.47999954223633
2026-09-11,RPM,100.20999908447266
2026-09-11,SHAK,63.650001525878906
2026-09-11,SKWD,56.7400016784668
2026-09-11,SMCI,40.099998474121094
2026-09-11,SMR,8.609999656677246
2026-09-11,SNX,269.2099914550781
2026-09-11,SO,87.16999816894531
2026-09-11,SPY,762.3967895507812
2026-09-11,THO,72.86000061035156
2026-09-11,TLN,312.739990234375
2026-09-11,TRN,28.5
2026-09-11,TSM,432.0808410644531
2026-09-11,UEC,10.449999809265137
2026-09-11,URG,1.2899999618530273
2026-09-11,UUUU,12.949999809265137
2026-09-11,VIRT,60.86000061035156
2026-09-11,VRT,256.9969787597656
2026-09-11,VST,148.1374053955078
2026-09-11,WING,117.0999984741211
2026-09-11,WULF,16.739999771118164
2026-09-11,XLU,42.08058547973633
2026-09-14,AA,46.95000076293945
2026-09-14,AAOI,95.76000213623047
2026-09-14,AAON,75.54000091552734
2026-09-14,ACAD,27.520000457763672
2026-09-14,ACHC,28.0
2026-09-14,ACI,12.720000267028809
2026-09-14,AEP,122.2300033569336
2026-09-14,AGX,392.55999755859375
2026-09-14,ALAB,257.0400085449219
2026-09-14,ALG,168.4600067138672
2026-09-14,ALRM,55.38999938964844
2026-09-14,AMD,493.4100036621094
2026-09-14,AMZN,253.5399932861328
2026-09-14,APLD,24.579999923706055
2026-09-14,APPF,221.8699951171875
2026-09-14,AVGO,344.0934143066406
2026-09-14,AYI,309.0400085449219
2026-09-14,AZZ,132.75
2026-09-14,BOOT,142.83999633789062
2026-09-14,BRZE,25.600000381469727
2026-09-14,BWXT,148.52999877929688
2026-09-14,CBSH,58.650001525878906
2026-09-14,CCJ,93.26000213623047
2026-09-14,CEG,264.57000732421875
2026-09-14,CIEN,319.6400146484375
2026-09-14,CLS,316.0799865722656
2026-09-14,CMC,64.98999786376953
2026-09-14,COHR,266.5
2026-09-14,CORZ,16.959999084472656
2026-09-14,CRDO,150.08999633789062
2026-09-14,CRWV,82.9800033569336
2026-09-14,CW,550.9467163085938
2026-09-14,D,64.45999908447266
2026-09-14,DLR,177.9199981689453
2026-09-14,DNN,2.890000104904175
2026-09-14,ESE,263.1105651855469
2026-09-14,ESNT,68.80000305175781
2026-09-14,ETR,103.63999938964844
2026-09-14,FHN,24.31999969482422
2026-09-14,FLR,53.5099983215332
2026-09-14,FN,382.54998779296875
2026-09-14,FSS,113.36000061035156
2026-09-14,GBX,43.08000183105469
2026-09-14,GEV,874.760009765625
2026-09-14,GFF,93.80999755859375
2026-09-14,GOOGL,349.3900146484375
2026-09-14,HOMB,30.0
2026-09-14,HUBB,442.3800048828125
2026-09-14,IESC,319.54998779296875
2026-09-14,IREN,43.16999816894531
2026-09-14,IWM,287.1600036621094
2026-09-14,JEF,50.099998474121094
2026-09-14,KBH,49.56999969482422
2026-09-14,KVYO,17.399999618530273
2026-09-14,LEU,146.25
2026-09-14,LITE,835.030029296875
2026-09-14,LNTH,100.31999969482422
2026-09-14,MDY,671.0083618164062
2026-09-14,META,665.0751342773438
2026-09-14,MIR,15.380000114440918
2026-09-14,MOD,182.17999267578125
2026-09-14,MPWR,1141.5538330078125
2026-09-14,MSFT,505.4100036621094
2026-09-14,MTN,140.50999450683594
2026-09-14,MTZ,227.6999969482422
2026-09-14,MYRG,271.75
2026-09-14,NBIS,212.19000244140625
2026-09-14,NNE,15.890000343322754
2026-09-14,NRG,108.47000122070312
2026-09-14,NVDA,210.9600067138672
2026-09-14,NVT,146.63999938964844
2026-09-14,NXE,9.470000267028809
2026-09-14,OKLO,36.209999084472656
2026-09-14,OLLI,77.0199966430664
2026-09-14,OMCL,33.5099983215332
2026-09-14,ONTO,250.1300048828125
2026-09-14,ORCL,144.7899932861328
2026-09-14,PCOR,56.7400016784668
2026-09-14,PEG,70.91999816894531
2026-09-14,PIPR,74.63999938964844
2026-09-14,PLNT,51.15999984741211
2026-09-14,PNW,95.4000015258789
2026-09-14,POWL,170.6999969482422
2026-09-14,PRCT,21.020000457763672
2026-09-14,PRIM,74.09011840820312
2026-09-14,PWR,621.9135131835938
2026-09-14,RLI,61.34000015258789
2026-09-14,RPM,100.80999755859376
2026-09-14,SHAK,63.5099983215332
2026-09-14,SKWD,58.349998474121094
2026-09-14,SMCI,36.7400016784668
2026-09-14,SMR,8.510000228881836
2026-09-14,SNX,261.1199951171875
2026-09-14,SO,87.0
2026-09-14,SPY,758.9952392578125
2026-09-14,THO,73.4800033569336
2026-09-14,TLN,286.5199890136719
2026-09-14,TRN,28.079999923706055
2026-09-14,TSM,416.8916015625
2026-09-14,UEC,10.260000228881836
2026-09-14,URG,1.25
2026-09-14,UUUU,12.34000015258789
2026-09-14,VIRT,59.93000030517578
2026-09-14,VRT,237.38999938964844
2026-09-14,VST,140.49989318847656
2026-09-14,WING,114.70999908447266
2026-09-14,WULF,15.470000267028809
2026-09-14,XLU,41.51474380493164
2026-09-15,AA,46.52000045776367
2026-09-15,AAOI,95.29000091552734
2026-09-15,AAON,74.31999969482422
2026-09-15,ACAD,26.760000228881836
2026-09-15,ACHC,27.3799991607666
2026-09-15,ACI,12.84000015258789
2026-09-15,AEP,120.61000061035156
2026-09-15,AGX,388.739990234375
2026-09-15,ALAB,252.5399932861328
2026-09-15,ALG,169.47000122070312
2026-09-15,ALRM,55.2599983215332
2026-09-15,AMD,504.20001220703125
2026-09-15,AMZN,248.4199981689453
2026-09-15,APLD,23.420000076293945
2026-09-15,APPF,225.9499969482422
2026-09-15,AVGO,338.6533203125
2026-09-15,AYI,299.8399963378906
2026-09-15,AZZ,133.08999633789062
2026-09-15,BOOT,128.3699951171875
2026-09-15,BRZE,25.420000076293945
2026-09-15,BWXT,146.6999969482422
2026-09-15,CBSH,58.5099983215332
2026-09-15,CCJ,91.20999908447266
2026-09-15,CEG,259.8900146484375
2026-09-15,CIEN,334.3299865722656
2026-09-15,CLS,316.80999755859375
2026-09-15,CMC,65.19000244140625
2026-09-15,COHR,271.1700134277344
2026-09-15,CORZ,16.040000915527344
2026-09-15,CRDO,150.38999938964844
2026-09-15,CRWV,80.91999816894531
2026-09-15,CW,562.5810546875
2026-09-15,D,63.869998931884766
2026-09-15,DLR,179.27000427246094
2026-09-15,DNN,2.859999895095825
2026-09-15,ESE,260.0115051269531
2026-09-15,ESNT,68.20999908447266
2026-09-15,ETR,102.91999816894531
2026-09-15,FHN,24.469999313354492
2026-09-15,FLR,54.040000915527344
2026-09-15,FN,374.9100036621094
2026-09-15,FSS,113.08000183105469
2026-09-15,GBX,42.720001220703125
2026-09-15,GEV,882.8099975585938
2026-09-15,GFF,92.76000213623047
2026-09-15,GOOGL,344.9800109863281
2026-09-15,HOMB,30.209999084472656
2026-09-15,HUBB,438.5299987792969
2026-09-15,IESC,311.4100036621094
2026-09-15,IREN,41.58000183105469
2026-09-15,IWM,285.1400146484375
2026-09-15,JEF,48.83000183105469
2026-09-15,KBH,49.52000045776367
2026-09-15,KVYO,16.979999542236328
2026-09-15,LEU,142.1199951171875
2026-09-15,LITE,838.9600219726562
2026-09-15,LNTH,100.7300033569336
2026-09-15,MDY,668.2449951171875
2026-09-15,META,669.7114868164062
2026-09-15,MIR,15.670000076293945
2026-09-15,MOD,178.8699951171875
2026-09-15,MPWR,1140.77490234375
2026-09-15,MSFT,497.1199951171875
2026-09-15,MTN,138.07000732421875
2026-09-15,MTZ,222.6999969482422
2026-09-15,MYRG,271.2900085449219
2026-09-15,NBIS,207.3699951171875
2026-09-15,NNE,15.779999732971191
2026-09-15,NRG,105.98999786376953
2026-09-15,NVDA,212.1699981689453
2026-09-15,NVT,146.8000030517578
2026-09-15,NXE,9.460000038146973
2026-09-15,OKLO,35.97999954223633
2026-09-15,OLLI,73.4000015258789
2026-09-15,OMCL,32.630001068115234
2026-09-15,ONTO,244.16000366210938
2026-09-15,ORCL,140.35000610351562
2026-09-15,PCOR,52.560001373291016
2026-09-15,PEG,70.41999816894531
2026-09-15,PIPR,72.98999786376953
2026-09-15,PLNT,50.810001373291016
2026-09-15,PNW,94.9000015258789
2026-09-15,POWL,171.3699951171875
2026-09-15,PRCT,19.299999237060547
2026-09-15,PRIM,76.63737487792969
2026-09-15,PWR,613.2449951171875
2026-09-15,RLI,61.380001068115234
2026-09-15,RPM,100.5999984741211
2026-09-15,SHAK,58.27000045776367
2026-09-15,SKWD,57.82500076293945
2026-09-15,SMCI,35.63999938964844
2026-09-15,SMR,8.430000305175781
2026-09-15,SNX,262.4800109863281
2026-09-15,SO,85.94999694824219
2026-09-15,SPY,755.513916015625
2026-09-15,THO,71.31999969482422
2026-09-15,TLN,282.1499938964844
2026-09-15,TRN,28.170000076293945
2026-09-15,TSM,412.64300537109375
2026-09-15,UEC,10.180000305175781
2026-09-15,URG,1.2200000286102295
2026-09-15,UUUU,11.859999656677246
2026-09-15,VIRT,57.939998626708984
2026-09-15,VRT,234.61000061035156
2026-09-15,VST,141.29859924316406
2026-09-15,WING,100.83999633789062
2026-09-15,WULF,14.489999771118164
2026-09-15,XLU,41.018394470214844
2026-09-16,AA,46.2599983215332
2026-09-16,AAOI,96.73999786376953
2026-09-16,AAON,75.55999755859375
2026-09-16,ACAD,27.540000915527344
2026-09-16,ACHC,28.15999984741211
2026-09-16,ACI,12.5600004196167
2026-09-16,AEP,120.69000244140625
2026-09-16,AGX,393.7200012207031
2026-09-16,ALAB,269.17999267578125
2026-09-16,ALG,168.4199981689453
2026-09-16,ALRM,55.47999954223633
2026-09-16,AMD,512.5
2026-09-16,AMZN,245.9600067138672
2026-09-16,APLD,24.389999389648438
2026-09-16,APPF,221.1699981689453
2026-09-16,AVGO,338.8929138183594
2026-09-16,AYI,296.9599914550781
2026-09-16,AZZ,132.66000366210938
2026-09-16,BOOT,122.75
2026-09-16,BRZE,24.8700008392334
2026-09-16,BWXT,145.66000366210938
2026-09-16,CBSH,57.279998779296875
2026-09-16,CCJ,90.9000015258789
2026-09-16,CEG,259.5299987792969
2026-09-16,CIEN,340.5
2026-09-16,CLS,323.8299865722656
2026-09-16,CMC,65.81999969482422
2026-09-16,COHR,289.92999267578125
2026-09-16,CORZ,16.8799991607666
2026-09-16,CRDO,161.49000549316406
2026-09-16,CRWV,83.3499984741211
2026-09-16,CW,569.7676391601562
2026-09-16,D,63.5099983215332
2026-09-16,DLR,181.07000732421875
2026-09-16,DNN,2.819999933242798
2026-09-16,ESE,258.90185546875
2026-09-16,ESNT,67.81999969482422
2026-09-16,ETR,102.31999969482422
2026-09-16,FHN,23.93000030517578
2026-09-16,FLR,52.9900016784668
2026-09-16,FN,392.67999267578125
2026-09-16,FSS,115.33000183105469
2026-09-16,GBX,42.630001068115234
2026-09-16,GEV,925.0900268554688
2026-09-16,GFF,93.20999908447266
2026-09-16,GOOGL,342.8699951171875
2026-09-16,HOMB,29.739999771118164
2026-09-16,HUBB,439.07000732421875
2026-09-16,IESC,325.0199890136719
2026-09-16,IREN,42.619998931884766
2026-09-16,IWM,283.9200134277344
2026-09-16,JEF,47.349998474121094
2026-09-16,KBH,48.66999816894531
2026-09-16,KVYO,16.229999542236328
2026-09-16,LEU,139.00999450683594
2026-09-16,LITE,919.4000244140625
2026-09-16,LNTH,100.54000091552734
2026-09-16,MDY,664.2845458984375
2026-09-16,META,672.779052734375
2026-09-16,MIR,15.84000015258789
2026-09-16,MOD,181.17999267578125
2026-09-16,MPWR,1145.9173583984375
2026-09-16,MSFT,490.29998779296875
2026-09-16,MTN,140.1199951171875
2026-09-16,MTZ,225.6199951171875
2026-09-16,MYRG,275.3699951171875
2026-09-16,NBIS,209.3699951171875
2026-09-16,NNE,15.640000343322754
2026-09-16,NRG,107.37999725341797
2026-09-16,NVDA,213.89999389648438
2026-09-16,NVT,147.64999389648438
2026-09-16,NXE,9.380000114440918
2026-09-16,OKLO,35.619998931884766
2026-09-16,OLLI,73.2300033569336
2026-09-16,OMCL,32.43000030517578
2026-09-16,ONTO,243.63999938964844
2026-09-16,ORCL,143.16000366210938
2026-09-16,PCOR,51.970001220703125
2026-09-16,PEG,70.38999938964844
2026-09-16,PIPR,71.36000061035156
2026-09-16,PLNT,50.02000045776367
2026-09-16,PNW,94.98999786376953
2026-09-16,POWL,177.7100067138672
2026-09-16,PRCT,19.440000534057617
2026-09-16,PRIM,76.85713958740234
2026-09-16,PWR,619.1740112304688
2026-09-16,RLI,60.540000915527344
2026-09-16,RPM,99.77999877929688
2026-09-16,SHAK,56.650001525878906
2026-09-16,SKWD,57.279998779296875
2026-09-16,SMCI,36.849998474121094
2026-09-16,SMR,8.300000190734863
2026-09-16,SNX,260.5
2026-09-16,SO,86.2300033569336
2026-09-16,SPY,752.1821899414062
2026-09-16,THO,69.73999786376953
2026-09-16,TLN,287.6000061035156
2026-09-16,TRN,28.329999923706055
2026-09-16,TSM,417.7200012207031
2026-09-16,UEC,10.079999923706055
2026-09-16,URG,1.2000000476837158
2026-09-16,UUUU,11.729999542236328
2026-09-16,VIRT,57.25
2026-09-16,VRT,239.41000366210938
2026-09-16,VST,140.16046142578125
2026-09-16,WING,101.05999755859375
2026-09-16,WULF,15.390000343322754
2026-09-16,XLU,41.018394470214844
2026-09-17,AA,46.970001220703125
2026-09-17,AAOI,98.05999755859375
2026-09-17,AAON,76.43000030517578
2026-09-17,ACAD,27.450000762939453
2026-09-17,ACHC,28.809999465942383
2026-09-17,ACI,12.5600004196167
2026-09-17,AEP,121.62000274658203
2026-09-17,AGX,383.0
2026-09-17,ALAB,293.55999755859375
2026-09-17,ALG,168.6199951171875
2026-09-17,ALRM,54.25
2026-09-17,AMD,545.0900268554688
2026-09-17,AMZN,251.19000244140625
2026-09-17,APLD,26.3799991607666
2026-09-17,APPF,219.73500061035156
2026-09-17,AVGO,346.6687316894531
2026-09-17,AYI,299.5400085449219
2026-09-17,AZZ,133.66000366210938
2026-09-17,BOOT,122.83000183105469
2026-09-17,BRZE,24.93000030517578
2026-09-17,BWXT,146.35000610351562
2026-09-17,CBSH,57.45000076293945
2026-09-17,CCJ,92.80000305175781
2026-09-17,CEG,262.79998779296875
2026-09-17,CIEN,344.25
2026-09-17,CLS,329.94000244140625
2026-09-17,CMC,67.0999984741211
2026-09-17,COHR,295.9800109863281
2026-09-17,CORZ,17.139999389648438
2026-09-17,CRDO,168.25
2026-09-17,CRWV,79.87999725341797
2026-09-17,CW,567.1788940429688
2026-09-17,D,64.29000091552734
2026-09-17,DLR,184.25999450683594
2026-09-17,DNN,2.890000104904175
2026-09-17,ESE,260.0615234375
2026-09-17,ESNT,67.5
2026-09-17,ETR,103.30999755859375
2026-09-17,FHN,24.010000228881836
2026-09-17,FLR,54.959999084472656
2026-09-17,FN,380.9200134277344
2026-09-17,FSS,113.77999877929688
2026-09-17,GBX,42.65999984741211
2026-09-17,GEV,924.9299926757812
2026-09-17,GFF,93.0199966430664
2026-09-17,GOOGL,347.3299865722656
2026-09-17,HOMB,29.760000228881836
2026-09-17,HUBB,443.2300109863281
2026-09-17,IESC,317.1600036621094
2026-09-17,IREN,43.47999954223633
2026-09-17,IWM,285.42999267578125
2026-09-17,JEF,47.869998931884766
2026-09-17,KBH,48.540000915527344
2026-09-17,KVYO,15.869999885559082
2026-09-17,LEU,149.85000610351562
2026-09-17,LITE,893.6099853515625
2026-09-17,LNTH,100.80000305175781
2026-09-17,MDY,667.8259887695312
2026-09-17,META,681.77197265625
2026-09-17,MIR,16.239999771118164
2026-09-17,MOD,184.86000061035156
2026-09-17,MPWR,1167.85498046875
2026-09-17,MSFT,497.75
2026-09-17,MTN,137.75999450683594
2026-09-17,MTZ,207.75
2026-09-17,MYRG,276.760009765625
2026-09-17,NBIS,217.99000549316406
2026-09-17,NNE,16.969999313354492
2026-09-17,NRG,106.2300033569336
2026-09-17,NVDA,219.33999633789062
2026-09-17,NVT,151.3300018310547
2026-09-17,NXE,9.449999809265137
2026-09-17,OKLO,39.650001525878906
2026-09-17,OLLI,76.19999694824219
2026-09-17,OMCL,32.619998931884766
2026-09-17,ONTO,250.02999877929688
2026-09-17,ORCL,150.58999633789062
2026-09-17,PCOR,51.75
2026-09-17,PEG,70.9800033569336
2026-09-17,PIPR,72.08999633789062
2026-09-17,PLNT,49.90999984741211
2026-09-17,PNW,95.58999633789062
2026-09-17,POWL,176.75
2026-09-17,PRCT,19.469999313354492
2026-09-17,PRIM,76.50750732421875
2026-09-17,PWR,616.4344482421875
2026-09-17,RLI,60.43000030517578
2026-09-17,RPM,99.18000030517578
2026-09-17,SHAK,55.869998931884766
2026-09-17,SKWD,56.599998474121094
2026-09-17,SMCI,40.349998474121094
2026-09-17,SMR,9.039999961853027
2026-09-17,SNX,264.4100036621094
2026-09-17,SO,86.76000213623047
2026-09-17,SPY,760.7109985351562
2026-09-17,THO,68.83999633789062
2026-09-17,TLN,293.30999755859375
2026-09-17,TRN,28.399999618530273
2026-09-17,TSM,430.260009765625
2026-09-17,UEC,10.119999885559082
2026-09-17,URG,1.2200000286102295
2026-09-17,UUUU,11.979999542236328
2026-09-17,VIRT,57.2599983215332
2026-09-17,VRT,241.49000549316406
2026-09-17,VST,143.3252716064453
2026-09-17,WING,103.76000213623047
2026-09-17,WULF,16.469999313354492
2026-09-17,XLU,41.38569259643555
2026-09-18,AA,44.43000030517578
2026-09-18,AAOI,105.16999816894531
2026-09-18,AAON,76.76000213623047
2026-09-18,ACAD,27.290000915527344
2026-09-18,ACHC,28.329999923706055
2026-09-18,ACI,12.350000381469727
2026-09-18,AEP,120.0
2026-09-18,AGX,389.8500061035156
2026-09-18,ALAB,303.25
2026-09-18,ALG,166.64999389648438
2026-09-18,ALRM,53.959999084472656
2026-09-18,AMD,559.8200073242188
2026-09-18,AMZN,253.7100067138672
2026-09-18,APLD,28.1200008392334
2026-09-18,APPF,214.6300048828125
2026-09-18,AVGO,356.9599914550781
2026-09-18,AYI,302.9599914550781
2026-09-18,AZZ,132.72000122070312
2026-09-18,BOOT,122.91999816894531
2026-09-18,BRZE,24.43000030517578
2026-09-18,BWXT,147.52000427246094
2026-09-18,CBSH,57.09000015258789
2026-09-18,CCJ,91.62000274658203
2026-09-18,CEG,254.7100067138672
2026-09-18,CIEN,348.79998779296875
2026-09-18,CLS,332.6300048828125
2026-09-18,CMC,64.5
2026-09-18,COHR,317.3599853515625
2026-09-18,CORZ,17.989999771118164
2026-09-18,CRDO,175.88999938964844
2026-09-18,CRWV,81.36000061035156
2026-09-18,CW,567.99853515625
2026-09-18,D,63.58000183105469
2026-09-18,DLR,182.1199951171875
2026-09-18,DNN,2.859999895095825
2026-09-18,ESE,265.8397521972656
2026-09-18,ESNT,67.19000244140625
2026-09-18,ETR,102.01000213623047
2026-09-18,FHN,23.940000534057617
2026-09-18,FLR,54.900001525878906
2026-09-18,FN,388.54998779296875
2026-09-18,FSS,113.83000183105469
2026-09-18,GBX,41.81999969482422
2026-09-18,GEV,940.3300170898438
2026-09-18,GFF,93.22000122070312
2026-09-18,GOOGL,349.5400085449219
2026-09-18,HOMB,29.790000915527344
2026-09-18,HUBB,446.9200134277344
2026-09-18,IESC,322.1600036621094
2026-09-18,IREN,46.68000030517578
2026-09-18,IWM,284.1000061035156
2026-09-18,JEF,47.900001525878906
2026-09-18,KBH,47.119998931884766
2026-09-18,KVYO,15.420000076293945
2026-09-18,LEU,145.22999572753906
2026-09-18,LITE,930.9099731445312
2026-09-18,LNTH,100.55000305175781
2026-09-18,MDY,666.6799926757812
2026-09-18,META,665.2250366210938
2026-09-18,MIR,15.760000228881836
2026-09-18,MOD,188.72000122070312
2026-09-18,MPWR,1216.00390625
2026-09-18,MSFT,493.7799987792969
2026-09-18,MTN,139.8000030517578
2026-09-18,MTZ,214.3800048828125
2026-09-18,MYRG,279.2799987792969
2026-09-18,NBIS,223.5399932861328
2026-09-18,NNE,15.729999542236328
2026-09-18,NRG,103.66000366210938
2026-09-18,NVDA,222.27000427246094
2026-09-18,NVT,157.8800048828125
2026-09-18,NXE,9.350000381469727
2026-09-18,OKLO,38.0
2026-09-18,OLLI,75.83999633789062
2026-09-18,OMCL,32.22999954223633
2026-09-18,ONTO,263.42999267578125
2026-09-18,ORCL,147.61000061035156
2026-09-18,PCOR,51.27000045776367
2026-09-18,PEG,69.7699966430664
2026-09-18,PIPR,72.36000061035156
2026-09-18,PLNT,49.4900016784668
2026-09-18,PNW,94.20999908447266
2026-09-18,POWL,183.9600067138672
2026-09-18,PRCT,19.299999237060547
2026-09-18,PRIM,77.04692840576172
2026-09-18,PWR,636.6010131835938
2026-09-18,RLI,59.38999938964844
2026-09-18,RPM,98.37000274658205
2026-09-18,SHAK,54.880001068115234
2026-09-18,SKWD,56.310001373291016
2026-09-18,SMCI,39.09000015258789
2026-09-18,SMR,8.270000457763672
2026-09-18,SNX,266.1600036621094
2026-09-18,SO,85.5199966430664
2026-09-18,SPY,761.6900024414062
2026-09-18,THO,67.7699966430664
2026-09-18,TLN,292.29998779296875
2026-09-18,TRN,28.0
2026-09-18,TSM,434.6700134277344
2026-09-18,UEC,9.8100004196167
2026-09-18,URG,1.190000057220459
2026-09-18,UUUU,11.699999809265137
2026-09-18,VIRT,57.75
2026-09-18,VRT,249.38999938964844
2026-09-18,VST,140.44000244140625
2026-09-18,WING,104.08000183105469
2026-09-18,WULF,17.010000228881836
2026-09-18,XLU,40.79999923706055
2026-09-21,AA,44.63999938964844
2026-09-21,AAOI,108.66999816894531
2026-09-21,AAON,76.4000015258789
2026-09-21,ACAD,26.399999618530273
2026-09-21,ACHC,28.3700008392334
2026-09-21,ACI,12.119999885559082
2026-09-21,AEP,120.02999877929688
2026-09-21,AGX,380.1199951171875
2026-09-21,ALAB,340.739990234375
2026-09-21,ALG,164.8699951171875
2026-09-21,ALRM,53.13999938964844
2026-09-21,AMD,615.52001953125
2026-09-21,AMZN,258.45001220703125
2026-09-21,APLD,28.190000534057617
2026-09-21,APPF,209.83999633789062
2026-09-21,AVGO,362.6600036621094
2026-09-21,AYI,306.4599914550781
2026-09-21,AZZ,133.6300048828125
2026-09-21,BOOT,124.33000183105469
2026-09-21,BRZE,25.399999618530273
2026-09-21,BWXT,147.47000122070312
2026-09-21,CBSH,56.54999923706055
2026-09-21,CCJ,93.2300033569336
2026-09-21,CEG,262.1099853515625
2026-09-21,CIEN,365.9599914550781
2026-09-21,CLS,344.3999938964844
2026-09-21,CMC,63.97999954223633
2026-09-21,COHR,321.5199890136719
2026-09-21,CORZ,18.360000610351562
2026-09-21,CRDO,187.27000427246094
2026-09-21,CRWV,85.43000030517578
2026-09-21,CW,567.7486572265625
2026-09-21,D,62.81999969482422
2026-09-21,DLR,186.3300018310547
2026-09-21,DNN,2.890000104904175
2026-09-21,ESE,262.330810546875
2026-09-21,ESNT,66.47000122070312
2026-09-21,ETR,101.58000183105469
2026-09-21,FHN,23.93000030517578
2026-09-21,FLR,54.7400016784668
2026-09-21,FN,401.57000732421875
2026-09-21,FSS,115.08999633789062
2026-09-21,GBX,41.959999084472656
2026-09-21,GEV,946.219970703125
2026-09-21,GFF,95.12000274658203
2026-09-21,GOOGL,354.9700012207031
2026-09-21,HOMB,29.610000610351562
2026-09-21,HUBB,457.489990234375
2026-09-21,IESC,321.69000244140625
2026-09-21,IREN,47.22999954223633
2026-09-21,IWM,285.5799865722656
2026-09-21,JEF,47.849998474121094
2026-09-21,KBH,47.86000061035156
2026-09-21,KVYO,15.819999694824219
2026-09-21,LEU,154.85000610351562
2026-09-21,LITE,954.489990234375
2026-09-21,LNTH,100.27999877929688
2026-09-21,MDY,668.3300170898438
2026-09-21,META,741.25
2026-09-21,MIR,16.209999084472656
2026-09-21,MOD,197.6199951171875
2026-09-21,MPWR,1275.7955322265625
2026-09-21,MSFT,501.6099853515625
2026-09-21,MTN,140.42999267578125
2026-09-21,MTZ,222.89999389648438
2026-09-21,MYRG,288.45001220703125
2026-09-21,NBIS,232.8000030517578
2026-09-21,NNE,17.100000381469727
2026-09-21,NRG,103.27999877929688
2026-09-21,NVDA,227.3800048828125
2026-09-21,NVT,159.44000244140625
2026-09-21,NXE,9.800000190734863
2026-09-21,OKLO,40.18000030517578
2026-09-21,OLLI,79.70999908447266
2026-09-21,OMCL,32.43000030517578
2026-09-21,ONTO,275.9800109863281
2026-09-21,ORCL,148.55999755859375
2026-09-21,PCOR,51.689998626708984
2026-09-21,PEG,69.30999755859375
2026-09-21,PIPR,73.87000274658203
2026-09-21,PLNT,47.04999923706055
2026-09-21,PNW,93.30999755859375
2026-09-21,POWL,187.55999755859375
2026-09-21,PRCT,18.510000228881836
2026-09-21,PRIM,76.8271713256836
2026-09-21,PWR,642.5
2026-09-21,RLI,59.06999969482422
2026-09-21,RPM,99.01000213623048
2026-09-21,SHAK,56.959999084472656
2026-09-21,SKWD,56.29499816894531
2026-09-21,SMCI,41.20000076293945
2026-09-21,SMR,8.789999961853027
2026-09-21,SNX,279.5899963378906
2026-09-21,SO,85.45999908447266
2026-09-21,SPY,773.5
2026-09-21,THO,69.94000244140625
2026-09-21,TLN,299.9700012207031
2026-09-21,TRN,27.889999389648438
2026-09-21,TSM,445.1400146484375
2026-09-21,UEC,10.079999923706055
2026-09-21,URG,1.2300000190734863
2026-09-21,UUUU,12.300000190734863
2026-09-21,VIRT,57.939998626708984
2026-09-21,VRT,250.86000061035156
2026-09-21,VST,140.77999877929688
2026-09-21,WING,107.33000183105469
2026-09-21,WULF,17.450000762939453
2026-09-21,XLU,40.65999984741211
2026-09-22,AA,44.709999084472656
2026-09-22,AAOI,107.0
2026-09-22,AAON,79.2699966430664
2026-09-22,ACAD,26.40999984741211
2026-09-22,ACHC,29.3700008392334
2026-09-22,ACI,12.069999694824219
2026-09-22,AEP,120.2699966430664
2026-09-22,AGX,371.25
2026-09-22,ALAB,363.4599914550781
2026-09-22,ALG,165.50999450683594
2026-09-22,ALRM,53.15999984741211
2026-09-22,AMD,623.77001953125
2026-09-22,AMZN,254.97999572753906
2026-09-22,APLD,28.540000915527344
2026-09-22,APPF,206.27000427246094
2026-09-22,AVGO,364.5400085449219
2026-09-22,AYI,310.7699890136719
2026-09-22,AZZ,136.83999633789062
2026-09-22,BOOT,129.27999877929688
2026-09-22,BRZE,25.520000457763672
2026-09-22,BWXT,144.50999450683594
2026-09-22,CBSH,55.68000030517578
2026-09-22,CCJ,94.58999633789062
2026-09-22,CEG,263.4599914550781
2026-09-22,CIEN,368.55999755859375
2026-09-22,CLS,356.0899963378906
2026-09-22,CMC,65.0
2026-09-22,COHR,310.3900146484375
2026-09-22,CORZ,18.790000915527344
2026-09-22,CRDO,192.55999755859375
2026-09-22,CRWV,86.76000213623047
2026-09-22,CW,550.0071411132812
2026-09-22,D,62.43000030517578
2026-09-22,DLR,185.64999389648438
2026-09-22,DNN,2.930000066757202
2026-09-22,ESE,261.7309875488281
2026-09-22,ESNT,65.69999694824219
2026-09-22,ETR,101.16000366210938
2026-09-22,FHN,23.34000015258789
2026-09-22,FLR,54.029998779296875
2026-09-22,FN,403.79998779296875
2026-09-22,FSS,115.69000244140625
2026-09-22,GBX,43.040000915527344
2026-09-22,GEV,950.280029296875
2026-09-22,GFF,97.45999908447266
2026-09-22,GOOGL,351.1600036621094
2026-09-22,HOMB,29.139999389648438
2026-09-22,HUBB,458.8299865722656
2026-09-22,IESC,321.07000732421875
2026-09-22,IREN,48.54999923706055
2026-09-22,IWM,287.2099914550781
2026-09-22,JEF,47.38999938964844
2026-09-22,KBH,48.59000015258789
2026-09-22,KVYO,15.869999885559082
2026-09-22,LEU,157.8300018310547
2026-09-22,LITE,945.6699829101562
2026-09-22,LNTH,100.0
2026-09-22,MDY,670.489990234375
2026-09-22,META,736.5999755859375
2026-09-22,MIR,16.489999771118164
2026-09-22,MOD,195.9600067138672
2026-09-22,MPWR,1378.583740234375
2026-09-22,MSFT,498.0
2026-09-22,MTN,138.97999572753906
2026-09-22,MTZ,221.69000244140625
2026-09-22,MYRG,289.04998779296875
2026-09-22,NBIS,236.1199951171875
2026-09-22,NNE,17.31999969482422
2026-09-22,NRG,102.75
2026-09-22,NVDA,228.8699951171875
2026-09-22,NVT,162.64999389648438
2026-09-22,NXE,9.970000267028809
2026-09-22,OKLO,40.45000076293945
2026-09-22,OLLI,82.4800033569336
2026-09-22,OMCL,33.16999816894531
2026-09-22,ONTO,283.80999755859375
2026-09-22,ORCL,149.1999969482422
2026-09-22,PCOR,50.849998474121094
2026-09-22,PEG,69.12000274658203
2026-09-22,PIPR,72.73999786376953
2026-09-22,PLNT,42.599998474121094
2026-09-22,PNW,93.16000366210938
2026-09-22,POWL,191.89999389648438
2026-09-22,PRCT,18.43000030517578
2026-09-22,PRIM,76.23780059814453
2026-09-22,PWR,642.52001953125
2026-09-22,RLI,58.130001068115234
2026-09-22,RPM,101.02999877929688
2026-09-22,SHAK,58.09000015258789
2026-09-22,SKWD,55.90999984741211
2026-09-22,SMCI,41.540000915527344
2026-09-22,SMR,8.890000343322754
2026-09-22,SNX,283.25
2026-09-22,SO,85.1500015258789
2026-09-22,SPY,773.3800048828125
2026-09-22,THO,73.80000305175781
2026-09-22,TLN,294.5400085449219
2026-09-22,TRN,27.81999969482422
2026-09-22,TSM,452.0
2026-09-22,UEC,10.329999923706055
2026-09-22,URG,1.2100000381469727
2026-09-22,UUUU,12.140000343322754
2026-09-22,VIRT,54.4900016784668
2026-09-22,VRT,253.4600067138672
2026-09-22,VST,140.41000366210938
2026-09-22,WING,102.37999725341797
2026-09-22,WULF,17.329999923706055
2026-09-22,XLU,40.529998779296875
2026-09-23,AA,44.02000045776367
2026-09-23,AAOI,101.05999755859375
2026-09-23,AAON,82.36000061035156
2026-09-23,ACAD,25.43000030517578
2026-09-23,ACHC,28.510000228881836
2026-09-23,ACI,11.699999809265137
2026-09-23,AEP,118.4000015258789
2026-09-23,AGX,374.3999938964844
2026-09-23,ALAB,360.4599914550781
2026-09-23,ALG,164.63999938964844
2026-09-23,ALRM,53.349998474121094
2026-09-23,AMD,614.6099853515625
2026-09-23,AMZN,249.27000427246094
2026-09-23,APLD,27.229999542236328
2026-09-23,APPF,210.00999450683594
2026-09-23,AVGO,354.989990234375
2026-09-23,AYI,306.05999755859375
2026-09-23,AZZ,137.8000030517578
2026-09-23,BOOT,124.48999786376953
2026-09-23,BRZE,25.8700008392334
2026-09-23,BWXT,141.80999755859375
2026-09-23,CBSH,55.59000015258789
2026-09-23,CCJ,90.80000305175781
2026-09-23,CEG,263.8800048828125
2026-09-23,CIEN,355.9100036621094
2026-09-23,CLS,361.8399963378906
2026-09-23,CMC,64.66000366210938
2026-09-23,COHR,300.6000061035156
2026-09-23,CORZ,18.100000381469727
2026-09-23,CRDO,193.8699951171875
2026-09-23,CRWV,86.9000015258789
2026-09-23,CW,544.8895874023438
2026-09-23,D,61.16999816894531
2026-09-23,DLR,181.4499969482422
2026-09-23,DNN,2.819999933242798
2026-09-23,ESE,266.10968017578125
2026-09-23,ESNT,65.44999694824219
2026-09-23,ETR,99.2300033569336
2026-09-23,FHN,23.020000457763672
2026-09-23,FLR,53.060001373291016
2026-09-23,FN,400.8500061035156
2026-09-23,FSS,113.25
2026-09-23,GBX,43.040000915527344
2026-09-23,GEV,951.8200073242188
2026-09-23,GFF,96.58999633789062
2026-09-23,GOOGL,337.8299865722656
2026-09-23,HOMB,28.84000015258789
2026-09-23,HUBB,463.70001220703125
2026-09-23,IESC,319.7300109863281
2026-09-23,IREN,47.04999923706055
2026-09-23,IWM,281.9200134277344
2026-09-23,JEF,46.97999954223633
2026-09-23,KVYO,16.780000686645508
2026-09-23,LEU,151.30999755859375
2026-09-23,LITE,937.0
2026-09-23,LNTH,99.97000122070312
2026-09-23,MDY,666.3300170898438
2026-09-23,META,744.0999755859375
2026-09-23,MIR,16.3799991607666
2026-09-23,MOD,193.11000061035156
2026-09-23,MPWR,1353.4708251953125
2026-09-23,MSFT,500.5899963378906
2026-09-23,MTN,140.0500030517578
2026-09-23,MTZ,217.52000427246094
2026-09-23,MYRG,295.17999267578125
2026-09-23,NBIS,226.61000061035156
2026-09-23,NNE,17.010000228881836
2026-09-23,NRG,100.72000122070312
2026-09-23,NVDA,225.50999450683594
2026-09-23,NVT,162.85000610351562
2026-09-23,NXE,9.630000114440918
2026-09-23,OKLO,38.81999969482422
2026-09-23,OLLI,82.61000061035156
2026-09-23,OMCL,32.9900016784668
2026-09-23,ONTO,282.30999755859375
2026-09-23,ORCL,144.55999755859375
2026-09-23,PCOR,51.060001373291016
2026-09-23,PEG,67.30999755859375
2026-09-23,PIPR,72.41999816894531
2026-09-23,PLNT,41.0
2026-09-23,PNW,92.05000305175781
2026-09-23,POWL,192.6199951171875
2026-09-23,PRCT,18.09000015258789
2026-09-23,PRIM,74.04017639160156
2026-09-23,PWR,634.7913208007812
2026-09-23,RLI,56.849998474121094
2026-09-23,RPM,100.05999755859376
2026-09-23,SHAK,58.470001220703125
2026-09-23,SKWD,54.84000015258789
2026-09-23,SMCI,41.439998626708984
2026-09-23,SMR,8.680000305175781
2026-09-23,SNX,287.8900146484375
2026-09-23,SO,83.47000122070312
2026-09-23,SPY,767.8099975585938
2026-09-23,TLN,300.3399963378906
2026-09-23,TRN,28.049999237060547
2026-09-23,TSM,446.57000732421875
2026-09-23,UEC,9.949999809265137
2026-09-23,URG,1.159999966621399
2026-09-23,UUUU,11.600000381469727
2026-09-23,VIRT,53.0099983215332
2026-09-23,VRT,248.77999877929688
2026-09-23,VST,137.97000122070312
2026-09-23,WING,97.87999725341797
2026-09-23,WULF,16.350000381469727
2026-09-23,XLU,39.75
2026-09-24,AA,42.68000030517578
2026-09-24,AAOI,101.02999877929688
2026-09-24,AAON,84.2699966430664
2026-09-24,ACAD,22.18000030517578
2026-09-24,ACHC,27.799999237060547
2026-09-24,ACI,11.949999809265137
2026-09-24,AEP,117.56999969482422
2026-09-24,AGX,361.05999755859375
2026-09-24,ALAB,360.510009765625
2026-09-24,ALG,159.02999877929688
2026-09-24,ALRM,53.439998626708984
2026-09-24,AMD,629.260009765625
2026-09-24,AMZN,249.3800048828125
2026-09-24,APLD,27.059999465942383
2026-09-24,APPF,204.42999267578125
2026-09-24,AVGO,350.3599853515625
2026-09-24,AYI,309.45001220703125
2026-09-24,AZZ,137.97999572753906
2026-09-24,BOOT,126.0
2026-09-24,BRZE,24.670000076293945
2026-09-24,BWXT,138.67999267578125
2026-09-24,CBSH,55.7599983215332
2026-09-24,CCJ,88.12000274658203
2026-09-24,CEG,261.6199951171875
2026-09-24,CIEN,358.42999267578125
2026-09-24,CLS,373.55999755859375
2026-09-24,CMC,64.22000122070312
2026-09-24,COHR,290.6099853515625
2026-09-24,CORZ,18.1200008392334
2026-09-24,CRDO,195.97000122070312
2026-09-24,CRWV,90.12999725341797
2026-09-24,CW,543.9500122070312
2026-09-24,D,60.400001525878906
2026-09-24,DLR,181.0
2026-09-24,DNN,2.630000114440918
2026-09-24,ESE,268.3390197753906
2026-09-24,ESNT,64.26000213623047
2026-09-24,ETR,98.16000366210938
2026-09-24,FHN,23.18000030517578
2026-09-24,FLR,50.630001068115234
2026-09-24,FN,398.3599853515625
2026-09-24,FSS,112.77999877929688
2026-09-24,GBX,42.68000030517578
2026-09-24,GEV,955.0399780273438
2026-09-24,GFF,96.54000091552734
2026-09-24,GOOGL,342.3599853515625
2026-09-24,HOMB,28.959999084472656
2026-09-24,HUBB,465.8800048828125
2026-09-24,IESC,320.5
2026-09-24,IREN,46.150001525878906
2026-09-24,IWM,281.6600036621094
2026-09-24,JEF,46.2400016784668
2026-09-24,KVYO,16.110000610351562
2026-09-24,LEU,147.32000732421875
2026-09-24,LITE,929.0399780273438
2026-09-24,LNTH,99.72000122070312
2026-09-24,MDY,663.739990234375
2026-09-24,META,777.5900268554688
2026-09-24,MIR,15.699999809265137
2026-09-24,MOD,196.9499969482422
2026-09-24,MPWR,1333.5802001953125
2026-09-24,MSFT,497.92999267578125
2026-09-24,MTN,137.82000732421875
2026-09-24,MTZ,211.9499969482422
2026-09-24,MYRG,295.17999267578125
2026-09-24,NBIS,243.47999572753906
2026-09-24,NNE,17.020000457763672
2026-09-24,NRG,97.8499984741211
2026-09-24,NVDA,224.5800018310547
2026-09-24,NVT,162.8800048828125
2026-09-24,NXE,9.270000457763672
2026-09-24,OKLO,38.290000915527344
2026-09-24,OLLI,84.44000244140625
2026-09-24,OMCL,33.029998779296875
2026-09-24,ONTO,279.7300109863281
2026-09-24,ORCL,139.5399932861328
2026-09-24,PCOR,49.5
2026-09-24,PEG,66.55999755859375
2026-09-24,PIPR,71.08000183105469
2026-09-24,PLNT,40.720001220703125
2026-09-24,PNW,91.08000183105469
2026-09-24,POWL,191.6199951171875
2026-09-24,PRCT,17.5
2026-09-24,PRIM,72.17218780517578
2026-09-24,PWR,643.3898315429688
2026-09-24,RLI,56.150001525878906
2026-09-24,RPM,98.70999908447266
2026-09-24,SHAK,57.45000076293945
2026-09-24,SKWD,54.880001068115234
2026-09-24,SMCI,41.5099983215332
2026-09-24,SMR,8.470000267028809
2026-09-24,SNX,259.4700012207031
2026-09-24,SO,82.88999938964844
2026-09-24,SPY,767.1799926757812
2026-09-24,TLN,300.010009765625
2026-09-24,TRN,27.84000015258789
2026-09-24,TSM,451.1499938964844
2026-09-24,UEC,9.470000267028809
2026-09-24,URG,1.1299999952316284
2026-09-24,UUUU,11.319999694824219
2026-09-24,VIRT,52.65999984741211
2026-09-24,VRT,245.3000030517578
2026-09-24,VST,137.94000244140625
2026-09-24,WING,97.83999633789062
2026-09-24,WULF,16.290000915527344
2026-09-24,XLU,39.36000061035156
2026-09-25,AA,42.849998474121094
2026-09-25,AAOI,101.4000015258789
2026-09-25,AAON,89.0999984741211
2026-09-25,ACAD,20.68000030517578
2026-09-25,ACHC,28.09000015258789
2026-09-25,ACI,11.670000076293945
2026-09-25,AEP,118.3499984741211
2026-09-25,AGX,364.2900085449219
2026-09-25,ALAB,364.6199951171875
2026-09-25,ALG,159.4499969482422
2026-09-25,ALRM,53.380001068115234
2026-09-25,AMD,630.6300048828125
2026-09-25,AMZN,249.6699981689453
2026-09-25,APLD,26.25
2026-09-25,APPF,204.22000122070312
2026-09-25,AVGO,352.80999755859375
2026-09-25,AYI,319.4200134277344
2026-09-25,AZZ,137.1699981689453
2026-09-25,BOOT,123.30000305175781
2026-09-25,BRZE,24.3700008392334
2026-09-25,BWXT,138.47000122070312
2026-09-25,CBSH,56.439998626708984
2026-09-25,CCJ,88.06999969482422
2026-09-25,CEG,263.2699890136719
2026-09-25,CIEN,356.9100036621094
2026-09-25,CLS,365.44000244140625
2026-09-25,CMC,65.7300033569336
2026-09-25,COHR,295.8299865722656
2026-09-25,CORZ,17.34000015258789
2026-09-25,CRDO,210.97000122070312
2026-09-25,CRWV,87.58999633789062
2026-09-25,CW,539.72998046875
2026-09-25,D,60.68000030517578
2026-09-25,DLR,178.61000061035156
2026-09-25,DNN,2.6500000953674316
2026-09-25,ESE,268.00909423828125
2026-09-25,ESNT,63.72999954223633
2026-09-25,ETR,98.56999969482422
2026-09-25,FHN,23.459999084472656
2026-09-25,FLR,50.380001068115234
2026-09-25,FN,417.3900146484375
2026-09-25,FSS,114.75
2026-09-25,GBX,42.540000915527344
2026-09-25,GEV,957.6300048828125
2026-09-25,GFF,98.38999938964844
2026-09-25,GOOGL,343.9200134277344
2026-09-25,HOMB,29.190000534057617
2026-09-25,HUBB,466.6199951171875
2026-09-25,IESC,324.1300048828125
2026-09-25,IREN,44.125
2026-09-25,IWM,281.9700012207031
2026-09-25,JEF,47.68000030517578
2026-09-25,KVYO,15.800000190734863
2026-09-25,LEU,147.07000732421875
2026-09-25,LITE,941.6500244140625
2026-09-25,LNTH,99.73999786376953
2026-09-25,MDY,665.8699951171875
2026-09-25,META,751.6599731445312
2026-09-25,MIR,15.59000015258789
2026-09-25,MOD,198.07000732421875
2026-09-25,MPWR,1365.4132080078125
2026-09-25,MSFT,516.1699829101562
2026-09-25,MTN,136.11000061035156
2026-09-25,MTZ,212.85000610351562
2026-09-25,MYRG,292.5799865722656
2026-09-25,NBIS,237.3300018310547
2026-09-25,NNE,16.989999771118164
2026-09-25,NRG,100.37000274658203
2026-09-25,NVDA,225.07000732421875
2026-09-25,NVT,164.41000366210938
2026-09-25,NXE,9.1899995803833
2026-09-25,OKLO,38.040000915527344
2026-09-25,OLLI,84.25
2026-09-25,OMCL,33.65999984741211
2026-09-25,ONTO,287.6400146484375
2026-09-25,ORCL,137.10000610351562
2026-09-25,PCOR,49.29999923706055
2026-09-25,PEG,67.0199966430664
2026-09-25,PIPR,72.33999633789062
2026-09-25,PLNT,42.68000030517578
2026-09-25,PNW,91.73999786376953
2026-09-25,POWL,189.52999877929688
2026-09-25,PRCT,17.200000762939453
2026-09-25,PRIM,72.5717544555664
2026-09-25,PWR,649.0188598632812
2026-09-25,RLI,55.689998626708984
2026-09-25,RPM,100.44000244140624
2026-09-25,SHAK,55.54999923706055
2026-09-25,SKWD,54.779998779296875
2026-09-25,SMCI,43.2599983215332
2026-09-25,SMR,8.420000076293945
2026-09-25,SNX,263.0299987792969
2026-09-25,SO,82.87999725341797
2026-09-25,SPY,771.3499755859375
2026-09-25,TLN,304.4200134277344
2026-09-25,TRN,27.90999984741211
2026-09-25,TSM,450.6099853515625
2026-09-25,UEC,9.40999984741211
2026-09-25,URG,1.1299999952316284
2026-09-25,UUUU,11.350000381469727
2026-09-25,VIRT,53.400001525878906
2026-09-25,VRT,253.27999877929688
2026-09-25,VST,138.4600067138672
2026-09-25,WING,99.06999969482422
2026-09-25,WULF,15.739999771118164
2026-09-25,XLU,39.5099983215332
2026-09-28,AA,42.25
2026-09-28,AAOI,96.81999969482422
2026-09-28,AAON,85.33999633789062
2026-09-28,ACAD,20.530000686645508
2026-09-28,ACHC,27.90999984741211
2026-09-28,ACI,11.640000343322754
2026-09-28,AEP,118.19999694824219
2026-09-28,AGX,355.2099914550781
2026-09-28,ALAB,351.30999755859375
2026-09-28,ALG,157.72000122070312
2026-09-28,ALRM,53.77000045776367
2026-09-28,AMD,607.8699951171875
2026-09-28,AMZN,246.14999389648438
2026-09-28,APLD,24.530000686645508
2026-09-28,APPF,197.91000366210938
2026-09-28,AVGO,349.57000732421875
2026-09-28,AYI,305.9100036621094
2026-09-28,AZZ,135.1300048828125
2026-09-28,BOOT,126.16000366210938
2026-09-28,BRZE,23.170000076293945
2026-09-28,BWXT,134.35000610351562
2026-09-28,CBSH,55.880001068115234
2026-09-28,CCJ,87.04000091552734
2026-09-28,CEG,260.42999267578125
2026-09-28,CIEN,344.19000244140625
2026-09-28,CLS,356.5299987792969
2026-09-28,CMC,64.48999786376953
2026-09-28,COHR,282.45001220703125
2026-09-28,CORZ,16.520000457763672
2026-09-28,CRDO,192.6699981689453
2026-09-28,CRWV,85.06999969482422
2026-09-28,CW,532.3599853515625
2026-09-28,D,60.279998779296875
2026-09-28,DLR,177.17999267578125
2026-09-28,DNN,2.5799999237060547
2026-09-28,ESE,265.959716796875
2026-09-28,ESNT,63.439998626708984
2026-09-28,ETR,98.0999984741211
2026-09-28,FHN,23.190000534057617
2026-09-28,FLR,49.220001220703125
2026-09-28,FN,409.9599914550781
2026-09-28,FSS,115.01000213623047
2026-09-28,GBX,42.09000015258789
2026-09-28,GEV,949.77001953125
2026-09-28,GFF,96.08000183105469
2026-09-28,GOOGL,342.75
2026-09-28,HOMB,28.860000610351562
2026-09-28,HUBB,465.7200012207031
2026-09-28,IESC,322.0899963378906
2026-09-28,IREN,41.720001220703125
2026-09-28,IWM,280.0199890136719
2026-09-28,JEF,47.130001068115234
2026-09-28,KVYO,15.399999618530273
2026-09-28,LEU,140.3699951171875
2026-09-28,LITE,921.3200073242188
2026-09-28,LNTH,99.73999786376953
2026-09-28,MDY,661.0800170898438
2026-09-28,META,715.6199951171875
2026-09-28,MIR,14.350000381469727
2026-09-28,MOD,175.0399932861328
2026-09-28,MPWR,1349.20703125
2026-09-28,MSFT,509.2200012207031
2026-09-28,MTN,138.08999633789062
2026-09-28,MTZ,204.08999633789062
2026-09-28,MYRG,285.92999267578125
2026-09-28,NBIS,231.8800048828125
2026-09-28,NNE,16.15999984741211
2026-09-28,NRG,97.0
2026-09-28,NVDA,228.86000061035156
2026-09-28,NVT,160.5
2026-09-28,NXE,8.989999771118164
2026-09-28,OKLO,37.11000061035156
2026-09-28,OLLI,85.52999877929688
2026-09-28,OMCL,33.869998931884766
2026-09-28,ONTO,288.739990234375
2026-09-28,ORCL,132.60000610351562
2026-09-28,PCOR,49.060001373291016
2026-09-28,PEG,66.7300033569336
2026-09-28,PIPR,71.69000244140625
2026-09-28,PLNT,40.5
2026-09-28,PNW,91.31999969482422
2026-09-28,POWL,187.22999572753906
2026-09-28,PRCT,17.25
2026-09-28,PRIM,71.04340362548828
2026-09-28,PWR,644.2496948242188
2026-09-28,RLI,55.97999954223633
2026-09-28,RPM,100.1999969482422
2026-09-28,SHAK,57.52000045776367
2026-09-28,SKWD,53.59000015258789
2026-09-28,SMCI,41.779998779296875
2026-09-28,SMR,7.909999847412109
2026-09-28,SNX,256.75
2026-09-28,SO,82.3499984741211
2026-09-28,SPY,765.6099853515625
2026-09-28,TLN,303.5
2026-09-28,TRN,27.600000381469727
2026-09-28,TSM,452.8800048828125
2026-09-28,UEC,9.210000038146973
2026-09-28,URG,1.1200000047683716
2026-09-28,UUUU,11.029999732971191
2026-09-28,VIRT,51.970001220703125
2026-09-28,VRT,244.0399932861328
2026-09-28,VST,138.02000427246094
2026-09-28,WING,101.80000305175781
2026-09-28,WULF,15.119999885559082
2026-09-28,XLU,39.25
2026-09-29,AA,41.970001220703125
2026-09-29,AAOI,100.66999816894531
2026-09-29,AAON,85.11000061035156
2026-09-29,ACAD,20.219999313354492
2026-09-29,ACHC,28.040000915527344
2026-09-29,ACI,11.640000343322754
2026-09-29,AEP,119.30000305175781
2026-09-29,AGX,378.3900146484375
2026-09-29,ALAB,357.8399963378906
2026-09-29,ALG,158.7899932861328
2026-09-29,ALRM,53.84000015258789
2026-09-29,AMD,607.5700073242188
2026-09-29,AMZN,246.6699981689453
2026-09-29,APLD,25.40999984741211
2026-09-29,APPF,195.82000732421875
2026-09-29,AVGO,355.1000061035156
2026-09-29,AYI,308.7900085449219
2026-09-29,AZZ,135.2899932861328
2026-09-29,BOOT,121.88999938964844
2026-09-29,BRZE,23.149999618530273
2026-09-29,BWXT,138.00999450683594
2026-09-29,CBSH,55.33000183105469
2026-09-29,CCJ,86.87999725341797
2026-09-29,CEG,264.5799865722656
2026-09-29,CIEN,354.9200134277344
2026-09-29,CLS,366.4700012207031
2026-09-29,CMC,62.04999923706055
2026-09-29,COHR,292.2099914550781
2026-09-29,CORZ,16.309999465942383
2026-09-29,CRDO,192.35000610351562
2026-09-29,CRWV,85.93000030517578
2026-09-29,CW,533.8499755859375
2026-09-29,D,60.63999938964844
2026-09-29,DLR,176.55999755859375
2026-09-29,DNN,2.5899999141693115
2026-09-29,ESE,265.6098327636719
2026-09-29,ESNT,63.2400016784668
2026-09-29,ETR,99.76000213623047
2026-09-29,FHN,23.100000381469727
2026-09-29,FLR,49.83000183105469
2026-09-29,FN,424.1199951171875
2026-09-29,FSS,114.26000213623047
2026-09-29,GBX,41.11000061035156
2026-09-29,GEV,962.489990234375
2026-09-29,GFF,94.30999755859375
2026-09-29,GOOGL,340.9200134277344
2026-09-29,HOMB,28.40999984741211
2026-09-29,HUBB,459.0899963378906
2026-09-29,IESC,324.44000244140625
2026-09-29,IREN,41.380001068115234
2026-09-29,IWM,279.010009765625
2026-09-29,JEF,46.52000045776367
2026-09-29,KVYO,15.25
2026-09-29,LEU,138.17999267578125
2026-09-29,LITE,973.489990234375
2026-09-29,LNTH,99.51000213623047
2026-09-29,MDY,660.22998046875
2026-09-29,META,738.7899780273438
2026-09-29,MIR,14.34000015258789
2026-09-29,MOD,183.72000122070312
2026-09-29,MPWR,1353.989990234375
2026-09-29,MSFT,508.9599914550781
2026-09-29,MTZ,210.22999572753906
2026-09-29,MYRG,288.30999755859375
2026-09-29,NBIS,237.35499572753906
2026-09-29,NNE,15.789999961853027
2026-09-29,NRG,97.16999816894531
2026-09-29,NVDA,227.2100067138672
2026-09-29,NVT,161.67999267578125
2026-09-29,NXE,9.029999732971191
2026-09-29,OKLO,37.11000061035156
2026-09-29,OLLI,86.77999877929688
2026-09-29,OMCL,34.310001373291016
2026-09-29,ONTO,304.69000244140625
2026-09-29,ORCL,137.7899932861328
2026-09-29,PCOR,49.540000915527344
2026-09-29,PEG,67.68000030517578
2026-09-29,PIPR,64.72000122070312
2026-09-29,PLNT,40.7400016784668
2026-09-29,PNW,93.4000015258789
2026-09-29,POWL,188.4600067138672
2026-09-29,PRCT,18.219999313354492
2026-09-29,PRIM,74.19999694824219
2026-09-29,PWR,651.6784057617188
2026-09-29,RLI,56.47999954223633
2026-09-29,RPM,99.97000122070312
2026-09-29,SHAK,57.880001068115234
2026-09-29,SKWD,53.47999954223633
2026-09-29,SMCI,41.02000045776367
2026-09-29,SMR,7.760000228881836
2026-09-29,SNX,258.19000244140625
2026-09-29,SO,83.44999694824219
2026-09-29,SPY,764.2000122070312
2026-09-29,TLN,314.8399963378906
2026-09-29,TRN,26.709999084472656
2026-09-29,TSM,456.94000244140625
2026-09-29,UEC,9.289999961853027
2026-09-29,URG,1.1100000143051147
2026-09-29,UUUU,10.989999771118164
2026-09-29,VIRT,53.75
2026-09-29,VRT,248.33999633789062
2026-09-29,VST,140.8300018310547
2026-09-29,WING,108.62000274658203
2026-09-29,WULF,15.09000015258789
2026-09-29,XLU,39.709999084472656
2026-09-30,AA,42.0
2026-09-30,AAOI,99.26000213623047
2026-09-30,AAON,82.76000213623047
2026-09-30,ACAD,20.149999618530273
2026-09-30,ACHC,27.5
2026-09-30,ACI,11.609999656677246
2026-09-30,AEP,118.63999938964844
2026-09-30,AGX,377.95001220703125
2026-09-30,ALAB,355.9700012207031
2026-09-30,ALG,154.77000427246094
2026-09-30,ALRM,54.470001220703125
2026-09-30,AMD,611.760009765625
2026-09-30,AMZN,249.14999389648438
2026-09-30,APLD,24.3700008392334
2026-09-30,APPF,200.52000427246094
2026-09-30,AVGO,351.19000244140625
2026-09-30,AYI,309.80999755859375
2026-09-30,AZZ,134.38999938964844
2026-09-30,BOOT,120.47000122070312
2026-09-30,BRZE,25.100000381469727
2026-09-30,BWXT,137.0
2026-09-30,CBSH,54.7400016784668
2026-09-30,CCJ,86.66999816894531
2026-09-30,CEG,254.02000427246094
2026-09-30,CIEN,351.82000732421875
2026-09-30,CLS,361.42999267578125
2026-09-30,CMC,62.099998474121094
2026-09-30,COHR,287.80999755859375
2026-09-30,CORZ,15.979999542236328
2026-09-30,CRDO,194.7899932861328
2026-09-30,CRWV,87.12000274658203
2026-09-30,CW,543.8200073242188
2026-09-30,D,60.52000045776367
2026-09-30,DLR,175.52999877929688
2026-09-30,DNN,2.5899999141693115
2026-09-30,ESE,265.02996826171875
2026-09-30,ESNT,57.90999984741211
2026-09-30,ETR,99.26000213623047
2026-09-30,FHN,23.020000457763672
2026-09-30,FLR,47.880001068115234
2026-09-30,FN,424.2699890136719
2026-09-30,FSS,110.79000091552734
2026-09-30,GBX,40.06999969482422
2026-09-30,GEV,950.489990234375
2026-09-30,GFF,93.04000091552734
2026-09-30,GOOGL,344.0799865722656
2026-09-30,HOMB,28.18000030517578
2026-09-30,HUBB,453.6000061035156
2026-09-30,IESC,321.0799865722656
2026-09-30,IREN,40.880001068115234
2026-09-30,IWM,277.8900146484375
2026-09-30,JEF,45.72999954223633
2026-09-30,KVYO,15.729999542236328
2026-09-30,LEU,139.49000549316406
2026-09-30,LITE,971.260009765625
2026-09-30,LNTH,99.52999877929688
2026-09-30,MDY,656.7100219726562
2026-09-30,META,725.1799926757812
2026-09-30,MIR,14.119999885559082
2026-09-30,MOD,187.1999969482422
2026-09-30,MPWR,1347.219970703125
2026-09-30,MSFT,512.9000244140625
2026-09-30,MTZ,213.6199951171875
2026-09-30,MYRG,292.4599914550781
2026-09-30,NBIS,235.8800048828125
2026-09-30,NNE,15.850000381469727
2026-09-30,NRG,95.6500015258789
2026-09-30,NVDA,228.3800048828125
2026-09-30,NVT,160.3699951171875
2026-09-30,NXE,9.119999885559082
2026-09-30,OKLO,37.02000045776367
2026-09-30,OLLI,85.6500015258789
2026-09-30,OMCL,34.04999923706055
2026-09-30,ONTO,307.82000732421875
2026-09-30,ORCL,137.3000030517578
2026-09-30,PCOR,51.720001220703125
2026-09-30,PEG,67.33999633789062
2026-09-30,PIPR,65.97000122070312
2026-09-30,PLNT,42.220001220703125
2026-09-30,PNW,93.04000091552734
2026-09-30,POWL,184.47000122070312
2026-09-30,PRCT,18.219999313354492
2026-09-30,PRIM,74.5199966430664
2026-09-30,PWR,642.4000244140625
2026-09-30,RLI,55.310001373291016
2026-09-30,RPM,98.66999816894533
2026-09-30,SHAK,58.68000030517578
2026-09-30,SKWD,52.79999923706055
2026-09-30,SMCI,41.06999969482422
2026-09-30,SMR,7.900000095367432
2026-09-30,SNX,256.8500061035156
2026-09-30,SO,82.88999938964844
2026-09-30,SPY,762.6300048828125
2026-09-30,TLN,312.69000244140625
2026-09-30,TRN,25.540000915527344
2026-09-30,TSM,456.19000244140625
2026-09-30,UEC,9.449999809265137
2026-09-30,URG,1.0800000429153442
2026-09-30,UUUU,11.029999732971191
2026-09-30,VIRT,55.15999984741211
2026-09-30,VRT,241.30999755859375
2026-09-30,VST,138.35000610351562
2026-09-30,WING,105.37000274658203
2026-09-30,WULF,14.800000190734863
2026-09-30,XLU,39.439998626708984
2026-10-01,AA,42.060001373291016
2026-10-01,AAOI,107.31999969482422
2026-10-01,AAON,82.27999877929688
2026-10-01,ACAD,19.889999389648438
2026-10-01,ACHC,26.93000030517578
2026-10-01,ACI,11.720000267028809
2026-10-01,AEP,119.75
2026-10-01,AGX,379.5799865722656
2026-10-01,ALAB,356.4200134277344
2026-10-01,ALG,156.36000061035156
2026-10-01,ALRM,54.86000061035156
2026-10-01,AMD,615.72998046875
2026-10-01,AMZN,248.22999572753906
2026-10-01,APLD,24.15999984741211
2026-10-01,APPF,204.24000549316406
2026-10-01,AVGO,343.6400146484375
2026-10-01,AYI,299.2799987792969
2026-10-01,AZZ,135.41000366210938
2026-10-01,BOOT,120.9800033569336
2026-10-01,BRZE,25.649999618530273
2026-10-01,BWXT,136.7899932861328
2026-10-01,CBSH,54.83000183105469
2026-10-01,CCJ,85.69000244140625
2026-10-01,CEG,258.9200134277344
2026-10-01,CIEN,379.1400146484375
2026-10-01,CLS,373.0899963378906
2026-10-01,CMC,62.720001220703125
2026-10-01,COHR,319.19000244140625
2026-10-01,CORZ,16.350000381469727
2026-10-01,CRDO,210.1699981689453
2026-10-01,CRWV,88.56999969482422
2026-10-01,CW,544.9400024414062
2026-10-01,D,60.7599983215332
2026-10-01,DLR,176.49000549316406
2026-10-01,DNN,2.5399999618530273
2026-10-01,ESE,269.9200134277344
2026-10-01,ESNT,58.86000061035156
2026-10-01,ETR,100.4000015258789
2026-10-01,FHN,23.049999237060547
2026-10-01,FLR,49.33000183105469
2026-10-01,FN,451.44000244140625
2026-10-01,FSS,112.16999816894531
2026-10-01,GBX,40.09000015258789
2026-10-01,GEV,987.4500122070312
2026-10-01,GFF,93.1500015258789
2026-10-01,GOOGL,338.239990234375
2026-10-01,HOMB,28.559999465942383
2026-10-01,HUBB,466.9800109863281
2026-10-01,IESC,330.1600036621094
2026-10-01,IREN,40.650001525878906
2026-10-01,IWM,279.0199890136719
2026-10-01,JEF,45.25
2026-10-01,KVYO,16.190000534057617
2026-10-01,LEU,139.11000061035156
2026-10-01,LITE,1045.780029296875
2026-10-01,LNTH,99.6500015258789
2026-10-01,MDY,663.3800048828125
2026-10-01,META,725.9299926757812
2026-10-01,MIR,14.350000381469727
2026-10-01,MOD,189.2100067138672
2026-10-01,MPWR,1360.969970703125
2026-10-01,MSFT,512.7999877929688
2026-10-01,MTZ,213.66000366210938
2026-10-01,MYRG,297.9200134277344
2026-10-01,NBIS,232.27999877929688
2026-10-01,NNE,15.729999542236328
2026-10-01,NRG,96.93000030517578
2026-10-01,NVDA,230.86000061035156
2026-10-01,NVT,165.77000427246094
2026-10-01,NXE,8.869999885559082
2026-10-01,OKLO,36.13999938964844
2026-10-01,OLLI,87.91000366210938
2026-10-01,OMCL,33.439998626708984
2026-10-01,ONTO,314.8800048828125
2026-10-01,ORCL,138.07000732421875
2026-10-01,PCOR,51.65999984741211
2026-10-01,PEG,67.88999938964844
2026-10-01,PIPR,65.77999877929688
2026-10-01,PLNT,41.849998474121094
2026-10-01,PNW,94.62999725341797
2026-10-01,POWL,190.60000610351562
2026-10-01,PRCT,17.020000457763672
2026-10-01,PRIM,76.25
2026-10-01,PWR,662.5999755859375
2026-10-01,RLI,56.18000030517578
2026-10-01,RPM,99.22000122070312
2026-10-01,SHAK,60.189998626708984
2026-10-01,SKWD,54.779998779296875
2026-10-01,SMCI,41.91999816894531
2026-10-01,SMR,7.789999961853027
2026-10-01,SNX,271.760009765625
2026-10-01,SO,83.47000122070312
2026-10-01,SPY,763.989990234375
2026-10-01,TLN,323.0899963378906
2026-10-01,TRN,25.799999237060547
2026-10-01,TSM,459.20001220703125
2026-10-01,UEC,9.359999656677246
2026-10-01,URG,1.059999942779541
2026-10-01,UUUU,10.710000038146973
2026-10-01,VIRT,55.619998931884766
2026-10-01,VRT,246.1199951171875
2026-10-01,VST,139.75
2026-10-01,WING,104.36000061035156
2026-10-01,WULF,14.90999984741211
2026-10-01,XLU,39.68000030517578
2026-10-02,AA,41.95000076293945
2026-10-02,AAOI,115.58999633789062
2026-10-02,AAON,83.2699966430664
2026-10-02,ACAD,19.950000762939453
2026-10-02,ACHC,28.059999465942383
2026-10-02,ACI,11.75
2026-10-02,AEP,119.56999969482422
2026-10-02,AGX,383.8299865722656
2026-10-02,ALAB,350.3299865722656
2026-10-02,ALG,161.00999450683594
2026-10-02,ALRM,54.68000030517578
2026-10-02,AMD,633.9099731445312
2026-10-02,AMZN,251.52000427246094
2026-10-02,APLD,25.3799991607666
2026-10-02,APPF,202.97000122070312
2026-10-02,AVGO,355.1400146484375
2026-10-02,AYI,308.760009765625
2026-10-02,AZZ,139.38999938964844
2026-10-02,BOOT,121.87999725341797
2026-10-02,BRZE,25.420000076293945
2026-10-02,BWXT,134.86000061035156
2026-10-02,CBSH,55.279998779296875
2026-10-02,CCJ,85.18000030517578
2026-10-02,CEG,257.489990234375
2026-10-02,CIEN,391.3399963378906
2026-10-02,CLS,387.32000732421875
2026-10-02,CMC,63.58000183105469
2026-10-02,COHR,337.0400085449219
2026-10-02,CORZ,16.450000762939453
2026-10-02,CRDO,218.63999938964844
2026-10-02,CRWV,89.62000274658203
2026-10-02,CW,545.6400146484375
2026-10-02,D,61.310001373291016
2026-10-02,DLR,178.5500030517578
2026-10-02,DNN,2.569999933242798
2026-10-02,ESE,274.95001220703125
2026-10-02,ESNT,60.220001220703125
2026-10-02,ETR,100.91000366210938
2026-10-02,FHN,23.420000076293945
2026-10-02,FLR,49.900001525878906
2026-10-02,FN,463.69000244140625
2026-10-02,FSS,116.33999633789062
2026-10-02,GBX,40.58000183105469
2026-10-02,GEV,988.7000122070312
2026-10-02,GFF,93.97000122070312
2026-10-02,GOOGL,343.5
2026-10-02,HOMB,28.670000076293945
2026-10-02,HUBB,475.5199890136719
2026-10-02,IESC,339.3399963378906
2026-10-02,IREN,41.7599983215332
2026-10-02,IWM,281.5199890136719
2026-10-02,JEF,45.970001220703125
2026-10-02,KVYO,15.710000038146973
2026-10-02,LEU,139.27000427246094
2026-10-02,LITE,1085.4200439453125
2026-10-02,LNTH,99.95999908447266
2026-10-02,MDY,669.6599731445312
2026-10-02,META,728.0800170898438
2026-10-02,MIR,14.600000381469727
2026-10-02,MOD,178.1999969482422
2026-10-02,MPWR,1439.72998046875
2026-10-02,MSFT,517.530029296875
2026-10-02,MTZ,215.92999267578125
2026-10-02,MYRG,304.7699890136719
2026-10-02,NBIS,242.80999755859375
2026-10-02,NNE,15.619999885559082
2026-10-02,NRG,95.2300033569336
2026-10-02,NVDA,233.9499969482422
2026-10-02,NVT,169.55999755859375
2026-10-02,NXE,9.0
2026-10-02,OKLO,35.869998931884766
2026-10-02,OLLI,88.05500030517578
2026-10-02,OMCL,33.599998474121094
2026-10-02,ONTO,327.7699890136719
2026-10-02,ORCL,142.3000030517578
2026-10-02,PCOR,50.95000076293945
2026-10-02,PEG,68.06999969482422
2026-10-02,PIPR,65.36000061035156
2026-10-02,PLNT,42.40999984741211
2026-10-02,PNW,95.91999816894531
2026-10-02,POWL,196.10000610351562
2026-10-02,PRCT,17.15999984741211
2026-10-02,PRIM,79.08000183105469
2026-10-02,PWR,676.5599975585938
2026-10-02,RLI,55.939998626708984
2026-10-02,RPM,99.19000244140624
2026-10-02,SHAK,60.97999954223633
2026-10-02,SKWD,55.0099983215332
2026-10-02,SMCI,43.689998626708984
2026-10-02,SMR,7.75
2026-10-02,SNX,278.3699951171875
2026-10-02,SO,83.72000122070312
2026-10-02,SPY,769.6400146484375
2026-10-02,TLN,320.7699890136719
2026-10-02,TRN,26.1299991607666
2026-10-02,TSM,472.7799987792969
2026-10-02,UEC,9.300000190734863
2026-10-02,URG,1.0499999523162842
2026-10-02,UUUU,10.729999542236328
2026-10-02,VIRT,58.790000915527344
2026-10-02,VRT,252.17999267578125
2026-10-02,VST,140.02000427246094
2026-10-02,WING,106.88999938964844
2026-10-02,WULF,15.489999771118164
2026-10-02,XLU,39.83000183105469
2026-10-05,AA,43.4900016784668
2026-10-05,AAOI,121.56999969482422
2026-10-05,AAON,84.3499984741211
2026-10-05,ACAD,20.110000610351562
2026-10-05,ACHC,28.8700008392334
2026-10-05,ACI,11.510000228881836
2026-10-05,AEP,119.7300033569336
2026-10-05,AGX,387.739990234375
2026-10-05,ALAB,362.3399963378906
2026-10-05,ALG,162.38999938964844
2026-10-05,ALRM,56.2400016784668
2026-10-05,AMD,631.75
2026-10-05,AMZN,251.39999389648438
2026-10-05,APLD,24.700000762939453
2026-10-05,APPF,204.25
2026-10-05,AVGO,362.510009765625
2026-10-05,AYI,304.8399963378906
2026-10-05,AZZ,139.14999389648438
2026-10-05,BOOT,122.87999725341797
2026-10-05,BRZE,26.610000610351562
2026-10-05,BWXT,135.35000610351562
2026-10-05,CBSH,55.13999938964844
2026-10-05,CCJ,87.47000122070312
2026-10-05,CEG,267.6199951171875
2026-10-05,CIEN,389.69000244140625
2026-10-05,CLS,382.69000244140625
2026-10-05,CMC,65.51000213623047
2026-10-05,COHR,333.6400146484375
2026-10-05,CORZ,16.600000381469727
2026-10-05,CRDO,212.47999572753906
2026-10-05,CRWV,87.38999938964844
2026-10-05,CW,540.7899780273438
2026-10-05,D,61.02000045776367
2026-10-05,DLR,179.8699951171875
2026-10-05,DNN,2.630000114440918
2026-10-05,ESE,271.9200134277344
2026-10-05,ESNT,61.09000015258789
2026-10-05,ETR,100.81999969482422
2026-10-05,FHN,23.360000610351562
2026-10-05,FLR,50.61000061035156
2026-10-05,FN,453.8399963378906
2026-10-05,FSS,116.43000030517578
2026-10-05,GBX,40.529998779296875
2026-10-05,GEV,990.0
2026-10-05,GFF,94.08999633789062
2026-10-05,GOOGL,346.4700012207031
2026-10-05,HOMB,28.56999969482422
2026-10-05,HUBB,480.6499938964844
2026-10-05,IESC,339.6199951171875
2026-10-05,IREN,40.47999954223633
2026-10-05,IWM,283.3800048828125
2026-10-05,JEF,45.84000015258789
2026-10-05,KVYO,16.700000762939453
2026-10-05,LEU,141.44000244140625
2026-10-05,LITE,1091.6700439453125
2026-10-05,LNTH,100.19000244140625
2026-10-05,MDY,672.27001953125
2026-10-05,META,741.9000244140625
2026-10-05,MIR,14.920000076293945
2026-10-05,MOD,182.91000366210938
2026-10-05,MPWR,1479.8900146484375
2026-10-05,MSFT,525.1799926757812
2026-10-05,MTZ,219.39999389648438
2026-10-05,MYRG,302.6499938964844
2026-10-05,NBIS,232.57000732421875
2026-10-05,NNE,15.510000228881836
2026-10-05,NRG,96.80000305175781
2026-10-05,NVDA,238.89999389648438
2026-10-05,NVT,167.1699981689453
2026-10-05,NXE,9.069999694824219
2026-10-05,OKLO,35.970001220703125
2026-10-05,OLLI,86.8499984741211
2026-10-05,OMCL,34.63999938964844
2026-10-05,ONTO,325.4100036621094
2026-10-05,ORCL,142.47999572753906
2026-10-05,PCOR,54.18000030517578
2026-10-05,PEG,68.68000030517578
2026-10-05,PIPR,65.62999725341797
2026-10-05,PLNT,42.06999969482422
2026-10-05,PNW,95.95999908447266
2026-10-05,POWL,197.83999633789062
2026-10-05,PRCT,17.81999969482422
2026-10-05,PRIM,80.56999969482422
2026-10-05,PWR,683.4199829101562
2026-10-05,RLI,56.08000183105469
2026-10-05,RPM,95.3000030517578
2026-10-05,SHAK,62.400001525878906
2026-10-05,SKWD,55.189998626708984
2026-10-05,SMCI,43.189998626708984
2026-10-05,SMR,7.679999828338623
2026-10-05,SNX,277.2799987792969
2026-10-05,SO,83.79000091552734
2026-10-05,SPY,774.8300170898438
2026-10-05,TLN,331.8699951171875
2026-10-05,TRN,26.389999389648438
2026-10-05,TSM,485.79998779296875
2026-10-05,UEC,9.350000381469727
2026-10-05,URG,1.059999942779541
2026-10-05,UUUU,10.819999694824219
2026-10-05,VIRT,62.880001068115234
2026-10-05,VRT,253.6199951171875
2026-10-05,VST,144.88999938964844
2026-10-05,WING,106.83999633789062
2026-10-05,WULF,14.789999961853027
2026-10-05,XLU,39.970001220703125
2026-10-06,AA,43.16999816894531
2026-10-06,AAOI,130.16000366210938
2026-10-06,AAON,88.06999969482422
2026-10-06,ACAD,19.739999771118164
2026-10-06,ACHC,29.040000915527344
2026-10-06,ACI,11.479999542236328
2026-10-06,AEP,121.66999816894531
2026-10-06,AGX,419.6400146484375
2026-10-06,ALAB,389.79998779296875
2026-10-06,ALG,162.11000061035156
2026-10-06,ALRM,56.11000061035156
2026-10-06,AMD,649.4199829101562
2026-10-06,AMZN,256.2900085449219
2026-10-06,APLD,25.34000015258789
2026-10-06,APPF,203.30999755859375
2026-10-06,AVGO,375.80999755859375
2026-10-06,AYI,302.9800109863281
2026-10-06,AZZ,141.58999633789062
2026-10-06,BOOT,124.31999969482422
2026-10-06,BRZE,26.34000015258789
2026-10-06,BWXT,145.6999969482422
2026-10-06,CBSH,54.779998779296875
2026-10-06,CCJ,93.0199966430664
2026-10-06,CEG,300.3999938964844
2026-10-06,CIEN,443.6499938964844
2026-10-06,CLS,388.239990234375
2026-10-06,CMC,64.91000366210938
2026-10-06,COHR,338.3599853515625
2026-10-06,CORZ,16.68000030517578
2026-10-06,CRDO,220.8300018310547
2026-10-06,CRWV,91.72000122070312
2026-10-06,CW,553.3499755859375
2026-10-06,D,62.0
2026-10-06,DLR,184.64999389648438
2026-10-06,DNN,2.7100000381469727
2026-10-06,ESE,268.2200012207031
2026-10-06,ESNT,61.88999938964844
2026-10-06,ETR,103.25
2026-10-06,FHN,23.34000015258789
2026-10-06,FLR,52.0
2026-10-06,FN,489.1600036621094
2026-10-06,FSS,118.13999938964844
2026-10-06,GBX,40.09000015258789
2026-10-06,GEV,1029.2099609375
2026-10-06,GFF,94.51000213623047
2026-10-06,GOOGL,347.67999267578125
2026-10-06,HOMB,28.549999237060547
2026-10-06,HUBB,485.4100036621094
2026-10-06,IESC,341.8500061035156
2026-10-06,IREN,41.279998779296875
2026-10-06,IWM,281.3399963378906
2026-10-06,JEF,44.959999084472656
2026-10-06,KVYO,16.600000381469727
2026-10-06,LEU,153.8800048828125
2026-10-06,LITE,1133.4000244140625
2026-10-06,LNTH,99.94999694824219
2026-10-06,MDY,675.0
2026-10-06,META,738.8800048828125
2026-10-06,MIR,16.270000457763672
2026-10-06,MOD,189.91000366210938
2026-10-06,MPWR,1473.68994140625
2026-10-06,MSFT,529.2999877929688
2026-10-06,MTZ,228.3000030517578
2026-10-06,MYRG,324.510009765625
2026-10-06,NBIS,249.8699951171875
2026-10-06,NNE,16.489999771118164
2026-10-06,NRG,103.5999984741211
2026-10-06,NVDA,239.24000549316406
2026-10-06,NVT,173.8000030517578
2026-10-06,NXE,9.430000305175781
2026-10-06,OKLO,38.54999923706055
2026-10-06,OLLI,87.75
2026-10-06,OMCL,35.459999084472656
2026-10-06,ONTO,313.7099914550781
2026-10-06,ORCL,144.77000427246094
2026-10-06,PCOR,54.38999938964844
2026-10-06,PEG,71.7300033569336
2026-10-06,PIPR,65.66000366210938
2026-10-06,PLNT,42.25
2026-10-06,PNW,98.04000091552734
2026-10-06,POWL,204.69000244140625
2026-10-06,PRCT,17.510000228881836
2026-10-06,PRIM,84.97000122070312
2026-10-06,PWR,719.5599975585938
2026-10-06,RLI,56.040000915527344
2026-10-06,RPM,98.30999755859376
2026-10-06,SHAK,64.61000061035156
2026-10-06,SKWD,56.4900016784668
2026-10-06,SMCI,43.459999084472656
2026-10-06,SMR,8.020000457763672
2026-10-06,SNX,278.3800048828125
2026-10-06,SO,85.44000244140625
2026-10-06,SPY,779.0900268554688
2026-10-06,TLN,373.1099853515625
2026-10-06,TRN,26.209999084472656
2026-10-06,TSM,482.29998779296875
2026-10-06,UEC,10.109999656677246
2026-10-06,URG,1.1200000047683716
2026-10-06,UUUU,11.260000228881836
2026-10-06,VIRT,61.619998931884766
2026-10-06,VRT,253.13999938964844
2026-10-06,VST,160.5
2026-10-06,WING,112.19999694824219
2026-10-06,WULF,14.970000267028809
2026-10-06,XLU,41.15999984741211
2026-10-07,AA,42.47999954223633
2026-10-07,AAOI,122.54000091552734
2026-10-07,AAON,87.12999725341797
2026-10-07,ACAD,19.649999618530273
2026-10-07,ACHC,29.229999542236328
2026-10-07,ACI,11.739999771118164
2026-10-07,AEP,122.08000183105469
2026-10-07,AGX,404.3900146484375
2026-10-07,ALAB,382.25
2026-10-07,ALG,156.91000366210938
2026-10-07,ALRM,54.68000030517578
2026-10-07,AMD,645.8599853515625
2026-10-07,AMZN,259.9200134277344
2026-10-07,APLD,23.809999465942383
2026-10-07,APPF,196.97000122070312
2026-10-07,AVGO,376.510009765625
2026-10-07,AYI,300.4200134277344
2026-10-07,AZZ,138.50999450683594
2026-10-07,BOOT,122.33999633789062
2026-10-07,BRZE,28.459999084472656
2026-10-07,BWXT,141.5399932861328
2026-10-07,CBSH,53.90999984741211
2026-10-07,CCJ,89.06999969482422
2026-10-07,CEG,299.5899963378906
2026-10-07,CIEN,446.45001220703125
2026-10-07,CLS,371.57000732421875
2026-10-07,CMC,63.25
2026-10-07,COHR,334.55999755859375
2026-10-07,CORZ,15.9399995803833
2026-10-07,CRDO,220.00999450683594
2026-10-07,CRWV,88.44999694824219
2026-10-07,CW,509.1000061035156
2026-10-07,D,61.529998779296875
2026-10-07,DLR,180.47000122070312
2026-10-07,DNN,2.559999942779541
2026-10-07,ESE,256.8999938964844
2026-10-07,ESNT,61.900001525878906
2026-10-07,ETR,102.80000305175781
2026-10-07,FHN,22.989999771118164
2026-10-07,FLR,51.13999938964844
2026-10-07,FN,497.989990234375
2026-10-07,FSS,114.41000366210938
2026-10-07,GBX,38.779998779296875
2026-10-07,GEV,997.0900268554688
2026-10-07,GFF,94.0
2026-10-07,GOOGL,350.5
2026-10-07,HOMB,28.18000030517578
2026-10-07,HUBB,475.4100036621094
2026-10-07,IESC,308.8299865722656
2026-10-07,IREN,38.689998626708984
2026-10-07,IWM,277.70001220703125
2026-10-07,JEF,44.13999938964844
2026-10-07,KVYO,17.40999984741211
2026-10-07,LEU,147.13999938964844
2026-10-07,LITE,1111.0699462890625
2026-10-07,LNTH,100.18000030517578
2026-10-07,MDY,663.9400024414062
2026-10-07,META,721.3099975585938
2026-10-07,MIR,16.450000762939453
2026-10-07,MOD,189.44000244140625
2026-10-07,MPWR,1425.97998046875
2026-10-07,MSFT,529.760009765625
2026-10-07,MTZ,223.3699951171875
2026-10-07,MYRG,313.0799865722656
2026-10-07,NBIS,237.14999389648438
2026-10-07,NNE,16.010000228881836
2026-10-07,NRG,108.61000061035156
2026-10-07,NVDA,237.47000122070312
2026-10-07,NVT,167.82000732421875
2026-10-07,NXE,8.989999771118164
2026-10-07,OKLO,36.81999969482422
2026-10-07,OLLI,86.12999725341797
2026-10-07,OMCL,35.209999084472656
2026-10-07,ONTO,304.3999938964844
2026-10-07,ORCL,143.55999755859375
2026-10-07,PCOR,54.79999923706055
2026-10-07,PEG,71.73999786376953
2026-10-07,PIPR,63.790000915527344
2026-10-07,PLNT,43.09000015258789
2026-10-07,PNW,97.54000091552734
2026-10-07,POWL,197.74000549316406
2026-10-07,PRCT,17.90999984741211
2026-10-07,PRIM,82.16000366210938
2026-10-07,PWR,701.0700073242188
2026-10-07,RLI,55.540000915527344
2026-10-07,SHAK,64.16999816894531
2026-10-07,SKWD,57.470001220703125
2026-10-07,SMCI,44.939998626708984
2026-10-07,SMR,7.670000076293945
2026-10-07,SNX,271.5199890136719
2026-10-07,SO,85.44000244140625
2026-10-07,SPY,777.219970703125
2026-10-07,TLN,378.32000732421875
2026-10-07,TRN,25.3700008392334
2026-10-07,TSM,472.20001220703125
2026-10-07,UEC,9.470000267028809
2026-10-07,URG,1.100000023841858
2026-10-07,UUUU,10.260000228881836
2026-10-07,VIRT,58.810001373291016
2026-10-07,VRT,246.49000549316406
2026-10-07,VST,166.72000122070312
2026-10-07,WING,116.68000030517578
2026-10-07,WULF,14.399999618530273
2026-10-07,XLU,41.150001525878906
